id,older,newer
67050,1923,
67051,1924,
67052,1908,
67053,1925,
67054,1881,
67055,1912,
67056,1923,
67057,1925,
67058,1882,
67059,1920,
67060,1918,
67061,1900,
67062,1925,
67065,1906,
67066,1926,
67067,1926,
67068,1926,
67069,1884,
67070,1926,
67071,1926,
67072,1926,
67073,1918,
67074,1908,
67075,1895,
67076,1921,
67077,1926,
67078,1919,
67079,1924,
67080,1864,
67081,1925,
67082,1914,1915
67083,1850,
67084,1916,
67085,1897,
67086,1813,
67087,1919,
67088,1912,
67089,1903,
67090,1922,1924
67091,1925,
67092,1873,
67093,1923,
67094,1926,
67095,1911,
67096,1912,
67097,1908,
67098,1926,1931
67099,1917,
67100,1924,
67101,1879,
67102,1921,
67103,1914,
67104,1925,
67105,1916,
67106,1902,
67107,1827,
67108,1851,
67109,1919,
67110,1916,
67111,1926,
67112,1925,
67113,1900,
67114,1920,
67115,1903,
67116,1921,
67117,1908,
67118,1919,
67119,1903,
67120,1902,
67121,1917,1950
67122,1892,
67123,1926,
67124,1922,
67125,1903,
67126,1909,
67127,1871,
67128,1950,
67129,1914,
67130,1902,
67131,1924,
67132,1837,
67133,1921,
67134,1900,
67135,1832,
67136,1845,
67137,1924,
67138,1926,
67139,1920,
67140,1921,
67141,1911,
67142,1919,
67143,1891,
67144,1908,
67145,1909,
67146,1926,
67147,1924,
67148,1895,
67149,1924,
67150,1905,
67152,1886,1916
67153,1906,
67154,1912,
67155,1886,
67156,1906,
67157,1902,
67158,1908,
67159,1906,
67160,1924,
67161,1924,
67162,1876,
67163,1911,
67164,1884,
67165,1905,
67166,1902,
67167,1889,
67168,1923,
67169,1876,1884
67170,1926,1961
67171,1890,
67172,1908,1918
67173,1925,
67174,1909,
67175,1923,
67176,1923,
67177,1907,
67178,1921,
67179,1894,
67180,1911,1922
67181,1926,
67182,1851,
67183,1849,
67184,1889,
67185,1914,
67186,1924,
67187,1925,
67188,1923,
67189,1907,
67190,1906,
67191,1918,
67192,1918,
67193,1918,
67194,1827,
67195,1923,
67196,1891,
67197,1905,
67198,1950,
67199,1961,
67200,1924,
67201,1922,
67202,1907,
67203,1899,
67204,1908,
67205,1924,1926
67206,1859,
67207,1920,
67208,1920,
67210,1912,
67211,1854,
67212,1854,
67213,1854,
67214,1921,
67215,1908,
67216,1913,
67217,1916,
67218,1916,
67219,1900,
67220,1922,
67221,1925,
67223,1958,
67224,1926,
67225,1913,
67226,1865,
67227,1865,
67228,1865,
67229,1920,
67230,1920,
67231,1858,
67232,1898,
67233,1911,
67234,1915,1920
67235,1978,
67236,1910,1923
67237,1879,
67238,1925,
67239,1956,
67240,1921,
67241,1917,
67242,1926,
67243,1905,
67244,1910,1923
67245,1905,1909
67246,1890,
67247,1865,
67248,1900,
67249,1908,
67250,1912,
67251,1916,
67252,1848,
67253,1908,
67254,1923,
67255,1917,
67256,1919,
67257,1880,
67258,1893,1919
67259,1920,
67260,1917,1918
67261,1862,
67262,1914,
67263,1917,
67264,1868,
67265,1901,
67266,1926,
67267,1888,
67268,1913,
67269,1924,
67270,1915,
67271,1831,
67272,1878,
67273,1920,
67274,1924,
67275,1908,
67276,1866,
67277,1895,
67278,1896,
67279,1919,
67280,1897,
67281,1895,
67282,1899,
67283,1924,
67284,1864,
67285,1923,
67286,1926,
67287,1897,
67288,1920,
67289,1915,
67290,1909,
67291,1912,
67292,1926,
67293,1946,
67294,1925,
67295,1876,
67296,1876,
67297,1876,
67298,1963,
67299,1926,
67300,1923,
67301,1898,
67302,1908,
67303,1908,
67304,1921,
67305,1922,
67306,1919,
67307,1894,
67308,1912,
67309,1887,
67310,1918,
67311,1924,
67312,1915,
67313,1899,
67314,1914,
67315,1908,
67316,1955,
67317,1955,
67318,1828,
67319,1904,
67320,1914,
67321,1898,
67322,1898,
67323,1955,
67324,1955,
67325,1955,
67327,1888,
67328,1818,
67329,1923,
67330,1923,
67331,1802,
67332,1914,
67333,1920,
67334,1955,
67335,1955,
67336,1825,
67337,1894,
67338,1894,
67339,1894,
67340,1923,1967
67341,1955,
67342,1920,
67343,1955,
67344,1923,
67345,1917,
67346,1913,
67347,1907,
67348,1922,
67349,1918,
67350,1917,
67351,1917,
67352,1903,
67353,1918,1941
67354,1904,
67355,1906,
67356,1920,
67357,1897,
67358,1921,
67359,1923,
67360,1907,
67361,1918,
67362,1955,
67363,1777,
67364,1955,
67365,1914,
67366,1910,
67367,1922,
67368,1925,
67369,1904,
67370,1926,
67371,1910,
67372,1926,
67373,1925,
67374,1907,
67375,1864,1865
67376,1926,
67377,1912,
67378,1925,
67379,1888,
67380,1905,
67381,1924,
67382,1921,
67383,1865,1875
67384,1923,
67385,1925,
67386,1832,
67387,1875,
67388,1914,
67389,1870,
67390,1870,
67391,1920,
67392,1955,
67393,1920,
67394,1895,
67395,1919,
67396,1892,
67397,1900,
67398,1903,
67399,1906,
67400,1925,
67401,1855,
67402,1920,
67403,1917,
67404,1892,
67405,1901,
67406,1910,
67407,1925,
67408,1915,
67409,1910,
67410,1904,
67411,1926,
67412,1906,
67413,1870,
67414,1910,
67415,1908,
67416,1829,
67417,1922,
67418,1923,
67419,1918,1919
67420,1860,
67421,1924,
67422,1895,
67423,1923,
67424,1922,
67425,1884,1932
67426,1922,
67427,1900,
67428,1918,
67429,1926,
67430,1895,
67431,1926,
67432,1895,
67433,1910,
67434,1842,
67435,1887,
67436,1908,
67437,1893,
67438,1910,
67439,1846,
67440,1921,
67441,1925,
67442,1910,1923
67443,1842,
67444,1910,1923
67445,1903,
67446,1917,
67447,1820,
67448,1905,
67449,1900,
67450,1842,
67451,1919,
67452,1916,1940
67453,1799,
67454,1906,
67455,1956,
67456,1842,
67457,1956,
67458,1882,
67459,1882,
67460,1900,
67461,1900,
67462,1923,
67463,1904,
67464,1921,
67465,1915,
67466,1787,
67468,1900,
67469,1895,
67470,1842,
67471,1918,
67472,1946,
67473,1922,
67474,1825,
67475,1926,
67476,1876,
67477,1870,
67478,1909,
67479,1897,
67480,1842,
67481,1913,
67482,1923,
67483,1924,1925
67484,1911,
67485,1899,
67486,1923,
67487,1956,
67488,1920,
67489,1923,
67490,1922,
67491,1914,
67492,1914,
67493,1925,
67494,1908,
67495,1914,
67496,1920,
67497,1956,
67498,1956,
67499,1912,
67500,1905,
67501,1917,
67502,1854,
67503,1901,
67504,1924,
67505,1922,
67506,1922,
67507,1922,
67508,1890,
67509,1907,
67510,1918,
67511,1881,
67512,1915,
67513,1920,
67514,1924,
67515,1842,
67516,1906,
67517,1900,
67518,1921,
67519,1920,
67520,1924,
67521,1903,
67522,1922,
67523,1910,1923
67524,1809,
67525,1908,
67526,1827,
67527,1850,1868
67528,1912,
67529,1922,
67530,1906,
67531,1923,
67532,1799,
67533,1906,1907
67534,1925,
67535,1915,
67536,1869,
67537,1910,1923
67538,1842,
67539,1892,
67540,1911,
67541,1914,
67542,1919,1942
67543,1890,
67544,1871,1884
67545,1946,
67546,1900,
67547,1904,
67548,1891,
67549,1897,
67550,1915,
67551,1920,
67552,1842,
67553,1856,
67554,1829,
67555,1889,
67556,1904,
67557,1922,
67558,1891,
67559,1894,
67560,1892,
67561,1900,
67562,1864,
67563,1891,
67564,1925,
67565,1915,
67566,1915,
67567,1898,
67568,1923,
67569,1920,
67570,1857,
67571,1956,
67572,1907,
67573,1896,
67574,1909,
67575,1901,
67576,1913,1921
67577,1899,
67578,1914,
67579,1914,
67580,1956,
67581,1920,
67582,1925,
67583,1925,
67584,1913,
67585,1897,
67586,1917,
67587,1956,
67588,1923,
67589,1956,
67590,1914,
67591,1921,
67592,1888,
67593,1905,
67594,1908,
67595,1916,
67596,1910,
67597,1906,
67598,1926,
67599,1918,
67600,1911,
67601,1841,1854
67602,1956,
67603,1956,
67604,1923,
67605,1855,
67606,1900,
67607,1897,
67608,1891,
67609,1895,
67610,1921,
67611,1919,
67612,1722,
67613,1906,
67614,1915,
67615,1914,1915
67616,1926,1954
67617,1914,1915
67618,1914,1915
67619,1910,
67620,1911,
67621,1899,
67622,1925,
67623,1905,
67624,1922,
67625,1913,1917
67626,1878,
67627,1906,
67628,1913,
67629,1883,
67630,1924,
67631,1833,
67632,1896,1907
67633,1920,
67634,1876,
67635,1898,
67636,1851,
67637,1842,
67638,1920,
67639,1910,
67640,1915,
67641,1923,
67642,1911,
67643,1903,
67644,1911,
67645,1909,
67646,1903,
67647,1906,
67648,1913,1914
67649,1919,
67650,1920,
67651,1983,
67652,1953,
67653,1908,
67654,1912,
67655,1921,1948
67656,1915,
67657,1924,
67658,1887,
67659,1892,1896
67660,1921,
67661,1918,
67662,1924,
67663,1912,1913
67664,1897,
67665,1922,
67666,1916,
67667,1922,
67669,1828,
67670,1828,
67671,1889,
67672,1943,
67673,1915,
67674,1908,
67675,1913,
67676,1889,
67677,1926,
67678,1926,
67679,1921,
67680,1924,1952
67681,1858,
67682,1891,
67683,1910,
67684,1850,
67685,1912,
67686,1848,
67687,1889,
67688,1920,
67689,1841,1857
67690,1910,
67691,1879,
67692,1904,
67693,1916,
67694,1926,
67695,1832,
67696,1938,
67697,1918,
67698,1922,
67699,1930,
67700,1923,
67701,1915,
67702,1928,
67703,1906,
67704,1908,
67705,1908,
67706,1919,
67707,1842,
67708,1872,
67709,1894,
67710,1917,
67711,1918,1919
67712,1908,
67713,1908,
67714,1914,
67715,1926,
67716,1896,
67717,1914,
67718,1836,
67719,1918,
67720,1919,
67721,1908,
67722,1902,
67723,1856,
67724,1883,
67725,1883,
67726,1911,
67727,1874,
67728,1922,
67729,1920,
67730,1906,
67731,1904,
67732,1906,1907
67733,1886,
67734,1881,
67736,1915,
67737,1906,
67738,1891,
67739,1891,
67740,1890,
67741,1910,
67742,1908,
67743,1898,
67744,1926,
67745,1941,1956
67746,1904,
67747,1920,
67748,1912,
67749,1863,
67750,1917,
67751,1907,
67752,1920,
67753,1906,
67754,1909,
67755,1820,
67756,1905,
67757,1891,
67758,1876,
67759,1890,
67760,1919,
67761,1907,
67762,1926,
67763,1903,
67764,1922,
67765,1905,
67766,1883,1884
67767,1907,
67768,1884,
67769,1880,
67770,1891,
67771,1903,
67772,1919,
67773,1905,
67774,1914,
67775,1922,
67776,1907,1908
67777,1907,1908
67778,1859,
67779,1872,
67780,1919,
67781,1921,
67782,1924,
67783,1960,
67784,1906,
67785,1905,
67786,1976,
67787,1910,
67788,1893,1900
67789,1904,
67790,1831,
67791,1916,
67792,1923,
67793,1905,
67794,1905,
67795,1922,
67798,1900,
67799,1901,
67800,1956,1958
67801,1911,
67802,1923,
67803,1905,
67804,1895,
67805,1916,
67806,1910,
67807,1921,
67808,1910,
67809,1866,
67810,1906,
67811,1917,1921
67812,1926,
67813,1919,
67814,1911,
67815,1798,
67816,1829,
67817,1907,
67818,1906,
67819,1920,
67820,1949,
67821,1880,
67822,1913,
67823,1922,
67824,1820,
67825,1895,
67826,1926,
67827,1882,1883
67828,1880,
67829,1904,
67830,1908,
67831,1870,
67832,1856,1857
67833,1917,
67834,1925,
67835,1891,
67836,1765,
67837,1920,
67838,1871,
67839,1960,
67840,1882,
67841,1907,
67842,1910,
67843,1925,
67844,1906,
67845,1904,
67846,1848,
67847,1798,
67848,1925,
67849,1917,
67850,1889,
67852,1917,
67853,1896,
67854,1916,
67855,1920,
67856,1922,
67857,1923,1973
67859,1873,
67860,1910,
67861,1895,
67862,1925,
67863,1921,
67864,1906,
67865,1921,
67866,1906,
67867,1916,
67868,1910,1923
67869,1888,
67870,1922,
67871,1905,
67872,1863,
67873,1881,
67874,1904,
67875,1906,
67876,1905,
67877,1905,
67878,1923,
67879,1906,
67880,1899,
67881,1897,
67882,1923,
67883,1894,
67884,1904,
67885,1919,
67886,1908,
67887,1911,
67888,1778,1942
67889,1922,
67890,1923,1924
67891,1908,
67892,1846,
67893,1924,
67894,1924,
67895,1921,
67896,1922,
67897,1922,
67898,1912,
67899,1911,
67900,1908,
67901,1896,1924
67902,1908,
67903,1850,
67904,1861,1895
67905,1903,
67906,1903,
67907,1905,
67908,1916,
67909,1906,
67910,1919,
67911,1910,1923
67912,1910,
67913,1922,
67914,1895,
67915,1926,
67916,1923,
67917,1925,
67918,1879,
67919,1886,
67920,1897,
67921,1892,
67922,1884,
67923,1943,
67924,1907,
67925,1897,
67926,1897,
67927,1903,
67928,1890,
67929,1923,
67930,1926,
67931,1908,
67932,1818,
67933,1908,
67934,1895,
67935,1906,
67936,1919,
67937,1920,
67938,1916,
67939,1887,
67940,1908,
67941,1895,
67942,1899,
67943,1910,1923
67944,1926,
67945,1922,
67946,1905,
67947,1916,
67948,1921,
67949,1922,
67950,1857,
67951,1916,
67952,1912,
67953,1909,
67954,1922,
67955,1910,1923
67956,1907,2021
67957,1896,1903
67958,1876,1884
67959,1838,1843
67960,1922,
67961,1821,
67962,1842,
67963,1882,
67964,1907,
67965,1890,
67966,1897,
67967,1855,
67968,1948,
67969,1880,
67970,1915,
67971,1922,
67972,1914,
67973,1917,
67974,1920,
67975,1842,
67976,1926,
67977,1924,1925
67978,1924,
67979,1926,
67980,1866,
67981,1912,
67982,1910,1923
67983,1842,
67984,1909,
67985,1877,
67986,1923,
67987,1908,1913
67988,1924,
67989,1909,
67990,1919,
67991,1911,
67992,1920,
67993,1914,
67994,1853,
67995,1842,
67996,1859,
67997,1910,
67998,1944,
67999,1909,
68000,1943,
68001,1944,
68002,1945,
68003,1944,
68004,1945,
68005,1942,
68006,1943,
68007,1945,
68008,1947,1949
68009,1900,
68010,1918,
68011,1895,
68012,1886,
68013,1871,1884
68014,1842,
68015,1878,
68016,1872,1884
68017,1913,
68018,1882,
68022,1914,1915
68023,1912,1913
68024,1907,
68025,1912,
68026,1912,
68027,1842,
68031,1865,
68032,1925,
68033,1898,1906
68034,1919,
68035,1853,
68036,1908,
68037,1923,
68038,1915,
68039,1901,1902
68040,1879,
68041,1903,
68042,1835,
68043,1898,
68044,1923,
68045,1902,
68047,1944,
68048,1926,
68049,1894,
68050,1845,1867
68051,1905,1910
68052,1907,
68053,1899,
68054,1893,
68055,1916,
68056,1792,
68057,1894,
68058,1899,
68059,1873,
68060,1955,
68061,1926,2013
68062,1916,1919
68063,1923,
68064,1923,
68065,1916,
68066,1900,
68067,1892,1898
68068,1815,
68069,1912,
68070,1907,
68071,1912,
68072,1920,
68073,1853,
68074,1923,
68075,1917,
68076,1946,
68077,1772,
68078,1853,
68079,1922,
68080,1821,
68081,1912,
68082,1916,
68083,1910,
68084,1926,
68085,1916,
68086,1909,
68087,1911,
68088,1926,
68089,1914,1915
68090,1851,
68092,1924,
68093,1880,
68094,1914,1915
68095,1894,
68096,1892,
68097,1924,
68098,1921,
68099,1885,
68100,1920,
68101,1897,1913
68102,1872,1884
68103,1893,
68104,1853,
68105,1926,
68106,1914,1915
68107,1946,
68108,1914,1915
68109,1915,
68110,1875,
68111,1818,
68112,1920,1924
68113,1909,
68114,1908,
68115,1908,
68116,1914,1915
68117,1879,
68118,1912,
68119,1907,
68121,1910,
68122,1904,
68123,1897,
68124,1905,
68125,1853,
68126,1863,
68127,1907,
68128,1907,
68129,1909,
68130,1892,
68131,1911,
68132,1925,
68133,1761,
68134,1925,
68135,1918,
68136,1907,
68137,1903,
68138,1924,
68139,1910,1923
68140,1914,1915
68141,1836,
68142,1896,
68143,1916,
68144,1792,
68145,1924,
68146,1865,1866
68147,1918,
68148,1906,
68149,1915,
68150,1946,
68151,1922,1924
68152,1915,
68153,1923,
68154,1926,
68155,1902,
68156,1918,
68157,1879,
68158,1877,
68159,1908,
68160,1895,
68161,1945,
68162,1899,
68163,1923,
68164,1890,
68165,1875,
68166,1908,
68167,1947,
68168,1912,
68169,1923,
68170,1947,
68171,1820,
68172,1918,
68173,1913,
68174,1913,
68175,1860,
68176,1875,
68177,1923,
68178,1890,
68179,1874,
68180,1925,1931
68181,1907,
68182,1907,
68183,1914,
68184,1947,
68185,1916,1923
68186,1913,
68187,1831,
68188,1906,
68189,1923,1924
68190,1910,1923
68191,1903,
68192,1898,
68193,1900,
68194,1915,
68195,1908,
68196,1946,
68197,1946,
68198,1916,
68199,1923,
68200,1921,
68201,1925,
68202,1947,
68203,1948,
68204,1910,
68205,1908,
68206,1916,
68207,1898,
68208,1944,
68209,1905,
68210,1917,
68211,1885,
68212,1842,
68213,1922,
68214,1880,
68215,1947,
68216,1909,
68217,1860,
68218,1945,
68219,1908,
68220,1893,
68221,1899,
68222,1897,
68223,1945,
68224,1938,
68225,1897,
68226,1926,
68227,1905,
68228,1893,
68229,1926,
68230,1946,
68231,1924,
68232,1864,
68233,1948,
68234,1916,
68235,1906,
68236,1927,
68237,1923,1926
68238,1921,
68239,1923,
68240,1908,
68241,1916,
68242,1920,
68243,1900,1910
68244,1925,
68245,1880,
68246,1913,
68247,1945,
68248,1924,
68249,1901,
68250,1948,
68251,1912,
68252,1907,
68253,1942,
68254,1924,
68255,1913,
68256,1947,
68257,1917,1918
68258,1922,
68259,1922,
68260,1888,
68261,1920,
68262,1917,
68263,1917,
68264,1903,
68265,1901,1902
68266,1905,
68267,1924,
68268,1907,
68269,1865,
68270,1895,
68271,1908,
68272,1946,
68273,1882,1889
68274,1892,
68275,1909,1923
68276,1893,
68277,1897,
68278,1919,
68279,1908,
68280,1944,
68281,1921,
68282,1921,
68283,1928,
68284,1917,
68285,1890,
68286,1924,
68287,1896,
68288,1914,
68289,1896,
68290,1888,1892
68291,1918,
68292,1924,
68293,1886,
68294,1886,
68295,1886,
68296,1919,
68297,1926,
68298,1913,
68299,1906,
68300,1873,
68301,1918,
68302,1895,
68303,1901,1921
68304,1948,
68305,1956,
68306,1911,
68307,1923,
68308,1917,
68309,1905,
68310,1909,
68311,1916,
68312,1923,
68313,1947,
68314,1878,
68315,1858,
68316,1860,
68317,1860,
68318,1913,
68319,1910,
68320,1771,
68321,1923,
68322,1883,
68323,1890,
68324,1919,
68325,1944,1945
68326,1923,
68327,1924,
68328,1914,1915
68329,1955,
68330,1896,
68331,1948,
68332,1925,
68333,1922,
68334,1910,1922
68335,1947,
68336,1909,
68337,1784,
68338,1914,1915
68339,1885,
68340,1919,
68341,1909,
68342,1925,
68343,1872,1884
68344,1888,
68345,1916,
68346,1887,
68347,1887,
68348,1887,
68349,1892,1898
68350,1909,
68351,1893,
68352,1923,
68353,1926,
68354,1946,
68355,1830,
68356,1900,
68357,1912,1913
68358,1956,
68359,1898,
68360,1914,1915
68361,1914,1915
68362,1784,
68363,1872,1884
68364,1894,
68365,1922,
68367,1890,
68368,1910,1923
68369,1888,
68370,1895,
68371,1872,1884
68372,1947,
68373,1957,
68374,1957,
68375,1917,
68376,1914,1915
68377,1956,
68378,1947,
68379,1898,
68380,1956,
68381,1903,
68382,1895,
68383,1895,
68384,1895,
68385,1922,
68386,1895,
68387,1891,
68388,1893,
68389,1920,
68390,1913,
68391,1910,
68392,1909,
68393,1956,
68394,1882,1882
68395,1882,
68396,1894,
68397,1960,1968
68398,1918,
68399,1923,
68400,1922,
68401,1906,
68402,1919,
68403,1919,
68404,1906,
68405,1895,
68406,1824,
68407,1917,
68408,1906,
68409,1957,
68410,1957,
68411,1926,
68412,1759,
68413,1909,
68414,1767,
68415,1923,1932
68416,1871,
68417,1917,1921
68418,1947,
68419,1909,
68420,1924,
68421,1953,
68422,1908,
68423,1906,1924
68424,1851,
68425,1947,
68426,1926,
68427,1905,
68428,1926,
68430,1877,
68431,1906,
68433,1956,
68434,1924,
68436,1909,
68437,1899,
68438,1920,
68439,1892,
68440,1919,
68442,1919,
68443,1881,
68444,1870,
68445,1925,
68446,1903,
68447,1903,
68448,1906,
68449,1906,
68450,1924,
68451,1923,
68452,1891,
68453,1908,
68454,1916,
68457,1839,
68458,1918,
68459,1913,
68460,1914,1915
68461,1925,
68462,1922,
68463,1917,
68464,1913,
68465,1913,
68466,1960,
68467,1914,1915
68468,1883,
68469,1901,1902
68470,1910,
68471,1909,
68472,1859,
68473,1918,
68474,1914,1915
68475,1904,
68476,1845,
68479,1920,
68480,1898,
68481,1790,
68482,1872,1884
68483,1927,1928
68485,1889,
68486,1922,
68487,1925,
68488,1923,
68489,1919,
68490,1911,
68491,1820,
68492,1914,
68493,1909,1913
68494,1920,
68495,1920,
68496,1904,
68497,1921,
68498,1923,
68499,1914,1915
68500,1866,
68501,1918,
68502,1912,
68503,1923,
68504,1901,
68505,1894,
68506,1915,
68507,1872,1884
68508,1917,
68509,1925,
68510,1922,
68511,1921,
68512,1924,
68513,1872,1884
68514,1922,
68515,1840,
68516,1921,
68517,1898,
68519,1920,
68520,1922,
68521,1911,
68522,1880,1902
68523,1946,
68524,1922,
68525,1917,
68526,1908,
68527,1898,
68528,1922,
68529,1953,
68530,1911,
68531,1851,
68532,1901,
68533,1953,
68534,1881,
68535,1925,
68536,1834,
68537,1911,
68538,1872,1884
68539,1919,
68540,1959,
68541,1888,
68542,1918,
68543,1893,
68544,1889,
68545,1907,
68546,1915,1938
68547,1926,
68548,1924,
68549,1922,
68550,1924,
68551,1909,
68552,1917,
68553,1924,
68554,1921,
68555,1926,
68556,1898,
68557,1918,
68558,1939,
68559,1953,
68560,1919,
68561,1898,
68562,1922,
68563,1947,
68564,1890,
68565,1953,
68566,1905,
68567,1903,
68568,1899,
68569,1889,
68570,1932,
68571,1919,
68572,1930,
68573,1921,
68574,1925,
68575,1895,
68576,1906,
68577,1934,
68578,1881,
68579,1892,
68580,1895,
68581,1908,
68582,1899,
68583,1923,
68584,1899,
68585,1920,
68586,1897,
68587,1848,
68588,1908,
68589,1920,
68590,1913,
68591,1910,
68592,1884,
68593,1911,
68594,1914,
68595,1925,
68596,1895,
68597,1910,
68598,1942,
68599,1942,
68600,1953,
68601,1872,1884
68602,1919,
68603,1900,
68604,1923,
68605,1905,
68606,1919,
68607,1809,
68608,1809,
68609,1934,1935
68610,1919,
68611,1925,
68612,1820,
68613,1879,
68614,1926,
68615,1953,
68616,1963,
68617,1847,
68618,1887,
68619,1907,
68620,1906,
68621,1919,
68622,1913,
68623,1902,
68624,1917,
68625,1872,1884
68626,1919,
68627,1919,
68628,1920,
68629,1924,
68630,1899,1900
68631,1921,
68632,1922,
68633,1885,
68634,1922,
68635,1906,
68636,1921,
68637,1925,
68638,1895,
68639,1911,
68640,1889,
68641,1903,1917
68642,1925,
68643,1882,
68644,1911,
68645,1911,
68646,1893,
68647,1924,
68648,1925,
68649,1805,
68650,1908,
68651,1898,
68652,1920,
68653,1836,
68654,1917,
68655,1896,
68656,1901,
68657,1898,
68658,1953,
68659,1942,
68660,1924,1930
68661,1926,1974
68662,1858,
68663,1913,
68664,1906,
68665,1915,
68666,1904,
68667,1906,
68668,1926,1974
68669,1947,
68670,1923,
68671,1867,
68672,1832,
68673,1872,1884
68674,1953,
68675,1902,
68676,1924,
68677,1862,
68678,1910,
68679,1921,
68680,1886,
68681,1924,
68682,1911,
68683,1906,
68685,1910,
68686,1956,
68687,1888,
68688,1896,
68689,1896,
68690,1892,
68691,1923,
68692,1924,
68693,1875,
68694,1893,
68695,1908,
68696,1908,
68697,1903,
68698,1900,
68699,1872,1884
68700,1947,
68701,1922,
68702,1897,
68703,1904,
68704,1724,
68705,1878,
68706,1900,
68707,1942,
68708,1915,
68709,1908,
68710,1911,
68711,1895,
68712,1903,
68713,1896,
68714,1873,
68715,1893,
68716,1920,
68717,1907,
68718,1942,
68719,1924,
68720,1911,1912
68721,1904,
68722,1918,
68723,1898,
68724,1794,
68725,1892,
68726,1942,
68727,1926,
68728,1796,
68729,1925,
68730,1956,
68731,1845,
68732,1880,
68733,1947,
68734,1926,
68735,1922,
68736,1917,
68737,1914,
68738,1913,1919
68739,1953,
68740,1912,
68741,1923,
68742,1771,
68743,1953,
68744,1908,
68745,1924,
68746,1920,
68747,1887,
68748,1953,
68749,1920,
68750,1912,
68751,1889,
68752,1847,
68753,1953,
68755,1914,
68756,1772,
68757,1856,
68758,1903,
68759,1910,
68760,1901,
68761,1920,
68762,1915,
68763,1904,
68765,1892,
68766,1883,
68767,1921,
68768,1876,
68769,1904,
68770,1914,
68771,1903,
68772,1816,
68774,1919,
68775,1907,
68777,1913,
68778,1923,
68779,1906,1907
68780,1849,
68781,1890,
68782,1902,
68783,1956,
68784,1914,
68785,1836,
68786,1906,
68787,1907,
68788,1919,
68789,1883,
68790,1883,
68791,1918,
68792,1924,
68793,1917,
68794,1950,
68795,1915,
68796,1906,
68797,1914,
68798,1907,
68800,1921,
68802,1920,
68803,1950,
68804,1923,
68805,1915,
68806,1910,
68807,1914,
68808,1910,
68809,1912,
68810,1917,
68811,1931,1969
68812,1874,1875
68813,1893,
68814,1919,
68815,1937,
68816,1911,
68817,1903,
68818,1926,
68819,1897,
68820,1922,
68821,1908,
68822,1923,
68823,1855,
68824,1827,
68825,1925,
68826,1921,
68827,1948,
68828,1919,
68829,1948,
68831,1925,
68832,1917,
68833,1868,1869
68834,1923,
68835,1908,
68836,1948,
68837,1912,
68838,1923,
68839,1901,
68840,1926,
68841,1876,
68842,1948,
68843,1923,
68844,1918,
68845,1865,1866
68846,1916,
68847,1920,
68848,1921,
68849,1914,
68850,1925,
68851,1894,
68852,1888,
68853,1921,
68854,1920,
68855,1911,
68856,1914,
68857,1910,1923
68858,1899,
68859,1908,
68860,1952,
68861,1953,
68862,1911,
68863,1922,
68864,1855,
68865,1920,1921
68866,1882,
68867,1895,
68868,1924,
68869,1898,
68870,1906,
68871,1914,
68872,1900,
68873,1922,
68874,1923,
68875,1907,
68876,1924,
68877,1915,
68878,1924,
68879,1924,
68880,1912,
68881,1899,
68882,1900,
68883,1902,
68884,1912,
68885,1865,
68886,1902,
68887,1941,
68888,1906,
68889,1922,
68890,1915,
68891,1904,
68892,1952,
68893,1904,
68894,1903,
68895,1918,
68896,1923,
68897,1878,
68898,1902,
68899,1888,1902
68900,1914,
68901,1888,
68902,1924,
68903,1926,
68904,1948,
68905,1890,
68906,1907,
68907,1672,
68908,1922,
68909,1909,
68910,1915,
68911,1910,
68912,1917,
68913,1855,
68914,1901,
68915,1804,
68916,1804,
68917,1804,
68918,1919,
68919,1902,1903
68920,1905,
68921,1918,
68922,1897,
68923,1926,
68924,1910,
68925,1839,1843
68926,1879,
68927,1907,
68928,1914,1915
68929,1890,
68930,1920,
68931,1872,1884
68932,1902,
68933,1899,
68934,1918,
68935,1922,
68936,1892,1900
68937,1910,1923
68938,1850,
68939,1918,
68940,1913,
68941,1913,
68942,1926,
68943,1923,
68944,1902,
68945,1919,
68946,1886,
68947,1863,
68948,1906,
68949,1923,
68950,1918,
68951,1920,
68952,1910,
68953,1849,
68954,1895,
68955,1895,
68956,1898,
68957,1923,
68958,1860,
68961,1883,
68962,1917,
68963,1908,
68964,1920,
68965,1913,
68966,1891,
68967,1951,
68969,1919,
68970,1916,
68971,1914,
68972,1852,
68973,1879,
68974,1911,
68975,1920,
68976,1771,
68977,1912,
68978,1835,
68979,1904,
68980,1904,
68981,1897,
68983,1920,
68984,1920,
68985,1921,
68986,1903,
68987,1919,
68988,1921,
68989,1920,
68990,1915,
68991,1949,
68993,1890,
68994,1890,
68995,1914,
68996,1901,
68997,1836,
68998,1920,
68999,1904,
69000,1912,
69001,1922,
69002,1912,
69003,1924,
69004,1919,
69005,1901,
69006,1923,
69007,1891,
69008,1889,
69009,1952,
69010,1899,
69011,1925,
69012,1885,
69013,1872,
69014,1906,
69015,1865,
69016,1910,
69017,1907,
69018,1887,
69019,1911,
69020,1910,1923
69021,1912,
69022,1908,
69023,1901,
69024,1910,
69025,1900,1905
69026,1922,
69027,1925,
69029,1851,
69030,1917,
69031,1911,
69032,1897,1906
69033,1909,
69034,1909,
69035,1923,
69036,1874,
69037,1918,
69038,1915,
69039,1918,1960
69040,1893,
69041,1910,1923
69042,1952,
69043,1947,
69044,1899,
69045,1924,
69046,1958,
69047,1923,
69049,1915,
69050,1917,
69051,1867,
69052,1914,
69053,1875,
69054,1910,
69055,1809,
69056,1809,
69057,1809,
69058,1920,
69059,1916,
69060,1902,
69061,1914,
69062,1911,
69063,1922,
69064,1919,
69065,1909,
69066,1920,
69067,1892,1895
69068,1907,
69069,1925,
69070,1923,
69071,1897,
69072,1911,
69073,1875,1878
69074,1875,1878
69075,1924,
69076,1923,
69077,1899,
69078,1922,1923
69079,1910,
69080,1855,
69081,1900,
69082,1874,
69083,1925,
69084,1894,
69085,1898,
69086,1913,
69087,1926,
69088,1908,1911
69089,1886,
69090,1772,
69091,1868,
69092,1900,
69093,1858,
69094,1910,
69095,1918,
69096,1870,
69097,1910,
69098,1879,
69099,1912,
69100,1923,
69101,1922,
69102,1925,
69103,1745,
69104,1904,
69105,1910,
69106,1908,
69107,1916,
69108,1897,1906
69109,1987,
69110,1960,
69111,1843,
69112,1909,
69113,1913,
69114,1919,
69115,1952,
69116,1778,
69117,1900,
69118,1892,
69119,1910,1911
69120,1884,
69121,1923,
69122,1903,
69123,1924,
69124,1952,
69125,1866,
69126,1730,
69127,1923,
69128,1924,
69129,1920,
69130,1913,
69131,1913,
69132,1911,
69133,1910,
69134,1889,1898
69135,1909,
69136,1922,
69137,1924,
69138,1911,
69139,1942,
69140,1942,
69141,1855,
69142,1916,
69143,1917,1918
69144,1918,
69145,1910,
69146,1921,
69147,1884,
69148,1942,
69150,1942,
69151,1915,
69152,1854,
69153,1894,
69154,1911,
69155,1911,
69156,1789,
69157,1910,1923
69158,1942,
69159,1835,
69160,1915,
69161,1910,
69162,1895,
69163,1901,
69164,1910,
69165,1890,1899
69166,1792,
69167,1824,
69168,1872,1884
69169,1920,
69170,1864,
69171,1887,
69172,1863,
69173,1893,
69174,1917,
69175,1962,
69176,1844,
69177,1855,
69178,1788,
69179,1847,
69180,1900,
69181,1816,
69182,1901,
69183,1873,
69184,1901,1902
69185,1925,
69186,1920,
69187,1897,
69188,1921,1931
69190,1952,
69191,1925,
69192,1873,
69193,1893,1903
69194,1900,
69195,1924,
69196,1914,
69197,1868,
69198,1887,
69199,1546,
69200,1923,
69201,1853,
69202,1914,
69203,1904,
69204,1919,
69205,1903,
69206,1917,
69207,1883,
69208,1902,
69209,1800,
69210,1955,
69211,1955,
69212,1954,
69213,1955,
69214,1863,
69215,1955,
69216,1923,
69217,1894,
69218,1908,
69219,1921,
69220,1836,
69221,1918,
69222,1909,
69223,1867,
69224,1904,
69225,1923,
69226,1902,
69227,1902,1907
69228,1901,1908
69229,1901,
69230,1914,
69231,1920,
69232,1959,
69233,1788,
69234,1916,
69235,1917,
69236,1907,
69237,1950,
69238,1955,
69239,1917,
69240,1918,
69241,1829,
69242,1884,
69243,1920,
69244,1917,
69245,1953,
69246,1914,
69247,1874,1877
69248,1895,
69249,1891,
69250,1894,
69251,1844,1860
69252,1955,
69253,1900,
69254,1942,
69255,1902,1903
69256,1788,
69257,1955,
69258,1870,
69259,1918,
69260,1893,
69261,1885,
69262,1895,
69263,1911,
69265,1926,
69266,1925,
69267,1926,
69268,1914,
69269,1910,
69270,1872,
69271,1920,
69272,1930,1957
69273,1911,
69274,1913,
69275,1832,1836
69276,1909,1917
69277,1900,
69280,1954,
69281,1920,
69282,1834,
69283,1827,
69284,1896,
69285,1920,
69286,1894,
69287,1919,
69288,1890,
69289,1915,
69290,1840,
69294,1920,
69295,1855,
69296,1919,
69297,1873,
69298,1907,
69299,1960,
69300,1897,1898
69301,1880,
69302,1911,
69303,1904,1908
69304,1903,1905
69305,1906,
69306,1907,
69307,1904,
69308,1950,
69309,1925,
69310,1916,
69311,1719,
69312,1892,
69313,1895,
69314,1950,
69315,1890,
69316,1909,
69317,1922,
69318,1804,
69319,1919,
69320,1923,
69321,1914,
69322,1926,
69323,1872,1884
69325,1910,1923
69326,1878,
69327,1925,
69328,1906,
69329,1857,
69330,1871,
69331,1901,
69332,1901,
69333,1912,
69334,1880,
69335,1922,
69336,1818,
69338,1926,
69339,1926,
69340,1924,
69341,1921,1926
69342,1918,1925
69343,1919,
69344,1923,
69345,1846,
69346,1907,
69347,1898,
69348,1763,
69349,1896,
69350,1950,
69351,1776,
69352,1926,
69353,1904,
69354,1896,
69355,1901,
69356,1926,
69359,1922,
69360,1921,
69361,1896,
69362,1902,
69363,1894,
69364,1911,
69365,1879,
69366,1893,
69367,1837,
69368,1917,
69369,1923,
69370,1899,
69371,1923,
69372,1848,
69373,1902,
69374,1884,
69375,1920,
69376,1839,
69377,1891,
69378,1926,
69379,1898,
69380,1911,
69381,1911,
69382,1894,
69383,1913,
69384,1918,
69385,1914,1915
69386,1921,
69387,1836,
69388,1915,
69389,1849,
69390,1839,
69391,1895,
69392,1885,
69393,1954,
69394,1923,1924
69395,1901,1924
69396,1850,
69397,1894,
69398,1925,
69399,1909,
69400,1895,
69401,1922,
69402,1862,
69404,1926,
69405,1915,
69406,1885,
69407,1909,
69408,1907,
69409,1916,
69410,1925,
69411,1835,
69412,1855,
69414,1918,
69415,1926,
69416,1916,
69417,1815,
69418,1905,
69419,1925,
69420,1873,
69421,1892,
69422,1908,
69423,1884,
69424,1910,1923
69425,1629,
69426,1920,
69427,1895,
69428,1880,
69429,1914,
69430,1921,
69431,1925,
69432,1924,
69433,1915,
69434,1921,
69435,1909,
69436,1913,
69437,1926,
69438,1919,
69440,1914,
69441,1796,
69442,1891,
69443,1923,
69444,1900,
69445,1899,
69446,1897,
69447,1878,
69449,1887,
69450,1898,
69451,1916,
69452,1852,
69453,1862,
69454,1874,
69455,1910,1923
69456,1919,
69457,1917,
69458,1916,
69460,1904,
69461,1887,
69462,1913,
69463,1926,
69464,1852,
69466,1850,
69467,1923,
69468,1921,
69469,1911,
69470,1910,
69471,1926,
69472,1911,
69473,1858,
69474,1922,
69475,1925,
69476,1837,
69477,1916,
69478,1916,
69479,1907,1907
69480,1912,1913
69481,1915,
69482,1881,
69483,1906,
69484,1921,
69485,1838,
69486,1920,
69487,1825,
69488,1915,
69489,1880,
69490,1872,1884
69491,1900,1903
69492,1910,
69493,1900,
69494,1895,
69495,1895,
69496,1895,
69497,1919,
69498,1880,
69499,1915,
69500,1874,
69501,1903,
69502,1913,
69503,1881,
69504,1849,
69507,1923,
69508,1896,
69509,1926,
69510,1851,
69511,1911,
69512,1848,
69513,1884,1890
69514,1913,1914
69515,1921,
69517,1915,
69518,1923,
69519,1807,
69520,1921,
69521,1917,
69522,1909,
69523,1894,
69524,1910,
69525,1887,
69526,1969,
69527,1988,
69528,1895,
69529,1883,
69530,1909,
69531,1889,
69532,1920,
69533,1904,
69534,1834,
69535,1956,1957
69536,1902,
69537,1915,
69538,1847,1849
69539,1874,
69540,1918,
69541,1925,
69542,1909,1910
69543,1894,
69544,1916,
69545,1922,1923
69546,1923,
69547,1923,
69548,1923,
69549,1926,
69550,1895,
69551,1924,
69552,1918,
69553,1807,
69554,1921,
69555,1910,1911
69556,1900,1910
69557,1923,
69558,1911,
69559,1846,
69560,1884,1891
69561,1913,
69562,1918,
69563,1901,
69566,1904,
69567,1924,
69568,1912,
69569,1906,
69570,1907,
69571,1926,
69572,1923,
69573,1920,
69574,1959,
69575,1914,
69576,1917,
69577,1839,1843
69578,1908,
69579,1898,
69580,1886,
69581,1870,
69582,1872,
69583,1922,
69584,1939,
69585,1924,
69586,1924,
69587,1924,
69588,1924,
69589,1924,
69590,1919,
69591,1908,
69592,1851,
69593,1887,
69594,1892,
69595,1795,
69596,1679,
69597,1921,
69598,1925,
69599,1920,
69600,1901,
69601,1919,
69602,1924,
69604,1925,
69605,1920,
69606,1923,
69607,1923,
69608,1923,
69609,1925,1936
69610,1926,
69611,1926,
69612,1925,
69613,1925,
69614,1923,
69615,1911,1914
69616,1857,
69617,1923,
69618,1905,
69619,1905,
69620,1897,
69621,1868,
69622,1905,
69623,1807,
69624,1807,
69625,1807,
69626,1906,1917
69627,1901,
69628,1921,
69629,1921,
69630,1916,
69631,1830,
69632,1902,
69633,1918,
69634,1910,1923
69635,1904,
69636,1893,
69637,1904,
69638,1892,
69639,1845,
69640,1867,
69641,1885,
69642,1867,
69643,1867,
69644,1916,
69645,1666,
69646,1918,
69647,1916,
69648,1917,
69649,1921,
69650,1913,
69651,1918,
69653,1910,1923
69654,1913,
69655,1908,
69656,1891,
69657,1776,
69660,1835,
69661,1910,1923
69662,1921,
69663,1906,
69664,1876,
69667,1943,
69668,1909,
69669,1924,
69670,1877,
69671,1926,
69672,1908,
69673,1903,
69674,1906,
69675,1865,
69676,1860,
69677,1921,
69678,1889,
69679,1905,
69680,1910,1923
69681,1918,
69682,1927,
69683,1926,1927
69684,1951,
69685,1920,
69686,1841,
69689,1916,
69690,1912,
69691,1920,
69692,1906,1907
69693,1880,
69695,1926,1991
69696,1888,
69697,1927,
69698,1952,
69699,1871,
69700,1927,
69701,1926,
69702,1926,
69703,1927,1988
69704,1912,
69705,1908,
69706,1911,1912
69707,1905,
69710,1915,
69711,1903,
69712,1920,
69714,1875,
69715,1895,1910
69716,1885,
69717,1895,
69718,1948,
69720,1916,
69721,1904,
69723,1920,
69724,1924,
69725,1903,
69726,1910,1923
69727,1860,
69728,1902,
69730,1927,
69732,1913,
69734,1925,
69735,1897,1906
69736,1790,
69737,1874,
69738,1910,
69739,1920,
69740,1913,
69741,1892,
69743,1924,
69744,1912,
69745,1875,
69746,1914,
69747,1925,
69748,1910,1923
69749,1900,
69750,1919,
69751,1915,
69752,1925,
69753,1926,
69754,1847,
69755,1912,
69756,1839,
69757,1912,
69758,1900,
69759,1865,
69760,1906,
69761,1915,
69762,1953,
69763,1916,
69764,1858,
69765,1923,
69766,1894,
69767,1963,
69768,1927,
69769,1866,
69770,1895,
69771,1907,
69772,1903,1904
69773,1924,1926
69774,1904,
69775,1887,
69776,1922,
69777,1904,1914
69779,1927,
69780,1896,
69781,1885,
69782,1891,
69783,1901,
69784,1854,
69785,1874,
69786,1922,1926
69787,1926,
69788,1926,
69789,1926,
69790,1926,
69791,1915,
69792,1888,
69793,1866,
69794,1884,
69795,1925,
69797,1925,
69798,1926,
69799,1881,
69800,1884,1885
69801,1915,
69802,1878,
69803,1926,
69804,1908,
69806,1925,
69807,1919,
69808,1900,
69809,1884,
69810,1852,
69811,1917,
69812,1897,
69813,1927,
69814,1901,
69815,1906,
69816,1811,
69817,1920,1923
69818,1742,
69819,1905,
69822,1901,
69823,1920,
69824,1811,
69825,1905,1916
69826,1911,
69827,1939,
69828,1885,
69829,1903,
69830,1956,
69831,1873,
69832,1873,
69834,1917,
69835,1917,
69836,1913,
69837,1897,1898
69838,1896,
69839,1900,
69840,1900,
69841,1866,
69842,1886,1887
69843,1890,
69844,1923,
69845,1926,
69846,1760,
69847,1830,
69848,1885,
69849,1923,
69850,1923,
69851,1918,
69852,1921,
69853,1918,
69854,1908,
69855,1903,
69856,1926,
69857,1939,
69858,1873,
69859,1854,
69860,1694,
69861,1908,
69862,1896,
69863,1920,
69864,1900,
69865,1962,
69866,1926,
69867,1836,
69868,1874,
69869,1913,
69870,1868,1883
69871,1909,1920
69872,1866,
69873,1895,
69874,1921,
69875,1900,
69876,1905,
69877,1924,
69878,1762,
69879,1906,
69880,1923,
69881,1909,
69882,1918,
69883,1914,
69884,1927,
69885,1904,
69886,1892,
69887,1667,
69888,1914,
69889,1834,
69890,1943,
69891,1898,
69892,1865,
69893,1906,
69894,1912,
69895,1919,
69896,1907,
69897,1859,
69898,1825,1826
69899,1825,1826
69900,1825,1826
69901,1825,1826
69902,1825,1826
69903,1900,
69904,1911,
69905,1910,
69906,1914,
69907,1911,
69908,1913,
69909,1909,
69910,1892,
69911,1951,
69912,1903,
69913,1898,
69914,1888,
69915,1789,
69916,1949,
69917,1902,1910
69918,1913,
69920,1907,
69922,1787,
69923,1922,
69924,1893,
69925,1915,
69927,1895,
69928,1924,
69929,1926,
69930,1921,
69933,1926,
69934,1922,
69935,1916,
69936,1926,
69937,1910,
69938,1880,
69939,1902,
69941,1924,
69942,1924,
69943,1914,
69944,1925,
69945,1906,
69946,1923,
69947,1924,
69948,1866,
69949,1925,
69950,1906,
69951,1920,
69952,1877,
69953,1895,
69954,1867,
69955,1868,
69956,1924,
69957,1922,
69958,1912,
69959,1918,
69960,1902,
69961,1890,1891
69962,1799,
69963,1875,
69964,1840,
69965,1920,
69967,1916,
69968,1926,
69969,1920,
69970,1614,
69971,1891,
69972,1869,
69973,1888,
69974,1969,
69975,1924,
69976,1924,
69977,1885,
69978,1917,
69979,1979,
69980,1919,
69981,1874,1877
69982,1922,
69983,1750,
69984,1889,
69985,1891,
69986,1901,
69988,1927,1991
69989,1918,
69990,1873,
69991,1921,
69992,1797,
69993,1888,
69994,1856,
69995,1879,
69996,1906,
69997,1924,
69998,1902,
70000,1903,
70002,1925,
70004,1913,
70006,1896,
70007,1924,
70008,1927,1987
70009,1864,
70010,1900,
70011,1830,
70013,1914,
70014,1922,
70016,1888,
70017,1919,
70018,1924,
70019,1922,
70020,1909,
70021,1872,
70022,1850,
70023,1885,
70024,1771,
70025,1925,
70026,1898,
70027,1917,
70028,1888,
70029,1919,
70030,1915,
70031,1921,
70032,1872,
70033,1922,
70034,1957,
70035,1913,
70036,1906,2000
70037,1921,
70038,1926,
70039,1888,
70040,1886,
70041,1926,1927
70042,1857,
70043,1924,
70044,1920,
70045,1802,
70046,1938,
70047,1963,
70048,1907,
70049,1895,1920
70050,1922,
70052,1903,
70053,1876,
70054,1893,
70056,1876,
70057,1937,
70058,1905,
70059,1925,
70060,1925,
70061,1926,
70062,1802,
70063,1910,1923
70064,1916,
70065,1901,
70066,1899,
70067,1916,
70068,1917,
70069,1913,
70070,1888,
70071,1911,
70072,1802,
70073,1917,
70074,1915,
70075,1853,
70076,1896,
70077,1922,1923
70078,1845,
70079,1963,
70081,1923,
70082,1845,
70083,1927,1991
70084,1864,
70085,1845,
70086,1837,
70087,1902,
70088,1926,
70089,1890,
70090,1895,
70091,1680,
70092,1922,
70093,1845,
70094,1927,
70095,1913,1960
70096,1845,
70097,1913,
70098,1902,
70100,1868,
70101,1933,1978
70102,1919,
70103,1911,1911
70104,1834,
70105,1911,
70106,1926,
70107,1946,
70108,1916,
70109,1915,
70110,1903,
70111,1865,
70112,1921,
70113,1904,
70114,1927,1972
70115,1887,
70116,1923,
70117,1926,
70118,1900,
70119,1899,1910
70120,1897,
70121,1915,
70122,1908,
70123,1866,
70124,1927,1978
70125,1850,
70126,1920,
70127,1893,
70128,1868,
70129,1939,
70130,1908,
70131,1869,
70132,1899,
70133,1904,
70134,1869,
70135,1925,
70136,1909,
70137,1895,
70138,1863,
70139,1893,
70140,1920,
70141,1924,
70142,1909,
70143,1926,
70144,1900,
70145,1960,
70146,1960,
70147,1925,
70148,1960,
70149,1900,
70150,1902,
70151,1860,
70152,1926,
70153,1837,
70154,1960,
70156,1899,
70157,1919,
70158,1957,
70159,1867,
70161,1904,
70162,1921,
70163,1872,
70164,1910,
70165,1914,
70166,1927,
70167,1805,
70168,1863,
70169,1904,
70170,1867,
70171,1914,
70172,1890,
70174,1919,
70175,1927,
70176,1903,
70177,1925,
70178,1924,
70179,1909,
70180,1861,
70181,1871,1884
70182,1923,
70185,1880,
70186,1921,
70188,1916,
70189,1899,
70191,1878,
70192,1906,
70193,1901,
70194,1907,1910
70195,1934,
70196,1902,
70197,1899,
70198,1894,
70199,1929,
70200,1887,
70201,1927,
70202,1911,
70203,1904,
70204,1914,
70205,1970,
70206,1956,
70207,1870,
70208,1895,
70209,1916,
70210,1890,
70211,1916,
70213,1919,
70214,1911,
70217,1960,
70219,1894,
70220,1858,1908
70221,1912,
70222,1927,1988
70223,1920,
70224,1910,
70225,1927,
70226,1916,
70228,1941,
70231,1916,
70232,1839,
70233,1910,
70234,1868,1875
70235,1963,
70236,1927,1991
70237,1922,
70238,1926,
70241,1891,
70243,1922,
70244,1927,
70245,1853,
70246,1926,
70248,1910,
70249,1905,
70252,1887,1891
70253,1865,
70254,1920,
70255,1901,
70256,1917,
70258,1840,
70259,1949,
70260,1885,
70261,1907,
70262,1903,
70263,1960,
70264,1920,
70265,1913,
70266,1800,
70267,1909,
70268,1907,
70269,1916,
70270,1870,
70271,1924,1925
70272,1922,
70273,1901,1911
70274,1926,
70275,1860,
70276,1880,
70277,1957,
70278,1853,
70279,1863,
70280,1905,
70281,1855,
70282,1923,
70283,1867,
70284,1924,
70285,1916,
70286,1888,
70287,1927,
70288,1943,
70289,1923,
70290,1896,
70291,1893,
70292,1898,
70293,1904,
70294,1910,1912
70295,1918,
70296,1908,
70297,1925,
70298,1897,
70299,1923,
70300,1885,
70301,1891,
70302,1926,
70303,1910,
70304,1923,
70305,1884,
70306,1884,
70307,1884,
70308,1906,
70309,1919,
70310,1951,1952
70311,1925,
70312,1854,
70313,1923,
70314,1904,
70315,1921,
70316,1925,
70317,1923,
70318,1918,
70319,1907,
70320,1906,
70321,1925,
70322,1883,
70323,1921,
70324,1914,
70325,1926,
70326,1744,
70327,1926,
70328,1923,
70329,1906,
70330,1869,
70331,1854,
70332,1794,
70333,1872,
70334,1905,
70335,1841,
70336,1924,
70337,1910,1923
70338,1855,
70339,1919,
70340,1922,
70341,1905,
70343,1895,
70344,1919,
70345,1920,
70346,1899,
70347,1951,
70348,1950,
70349,1927,
70350,1853,1854
70351,1925,
70352,1923,
70353,1922,
70354,1908,
70355,1912,
70356,1882,
70357,1910,
70358,1923,
70359,1925,
70360,1926,
70361,1950,
70362,1955,
70363,1923,
70364,1951,
70365,1853,
70366,1909,
70367,1922,
70368,1962,
70369,1922,
70370,1910,1923
70371,1919,
70372,1853,
70373,1906,
70374,1903,
70375,1853,
70376,1881,
70377,1908,
70378,1875,
70379,1926,1927
70380,1916,
70381,1911,
70382,1926,
70383,1944,
70384,1923,
70385,1874,
70386,1853,
70387,1950,
70388,1951,
70389,1950,
70390,1916,
70391,1950,
70392,1950,
70393,1911,
70394,1913,
70395,1869,
70396,1869,
70397,1917,
70398,1925,
70399,1906,
70400,1915,
70401,1920,
70402,1950,
70403,1950,
70404,1895,
70405,1910,
70406,1900,
70407,1902,
70408,1904,
70409,1913,
70410,1922,
70412,1871,
70413,1914,
70414,1914,
70415,1885,
70416,1915,
70417,1918,
70418,1913,
70419,1884,
70420,1906,
70421,1925,
70422,1916,
70423,1925,
70424,1858,
70425,1866,
70426,1900,
70427,1895,
70428,1925,
70429,1922,
70430,1880,
70431,1912,
70432,1927,2006
70433,1913,
70434,1920,
70435,1921,
70436,1900,
70437,1808,
70438,1880,
70439,1884,
70440,1914,
70441,1916,
70442,1894,
70443,1894,
70444,1889,
70445,1864,
70446,1902,
70447,1911,
70448,1883,1893
70449,1937,
70450,1870,
70451,1906,
70452,1860,1884
70453,1923,
70454,1905,
70455,1905,
70456,1923,
70457,1935,
70458,1871,1920
70459,1906,
70460,1899,1927
70461,1909,
70462,1809,
70464,1951,
70465,1926,
70466,1951,
70467,1900,
70468,1884,
70469,1901,
70470,1919,
70471,1925,
70472,1906,
70473,1879,
70474,1880,1908
70475,1951,
70476,1856,
70477,1900,
70478,1928,
70479,1888,
70480,1920,
70481,1849,
70482,1910,
70483,1947,1948
70484,1871,1920
70485,1925,
70486,1928,
70487,1925,1926
70488,1937,
70489,1657,
70490,1922,
70491,1882,
70492,1927,
70493,1925,
70494,1941,1942
70495,1903,
70496,1951,
70497,1873,
70498,1917,
70499,1927,
70500,1957,
70501,1950,
70502,1896,
70503,1903,
70504,1908,
70505,1912,
70506,1895,
70507,1860,
70508,1860,
70509,1886,
70510,1926,
70511,1849,
70512,1763,
70513,1928,
70514,1913,
70515,1910,
70516,1927,1935
70517,1913,
70518,1923,
70519,1899,
70520,1886,
70521,1912,
70522,1918,
70523,1716,
70524,1922,
70525,1926,
70526,1903,1909
70527,1919,
70528,1924,
70529,1884,
70530,1849,
70531,1844,1847
70532,1844,1847
70533,1844,1847
70534,1921,
70535,1905,
70536,1931,1932
70537,1909,
70538,1922,
70539,1853,
70540,1928,
70541,1951,
70542,1881,
70543,1925,
70544,1885,
70545,1886,
70546,1887,
70547,1888,
70548,1889,
70549,1951,
70550,1918,
70551,1913,
70552,1951,
70553,1905,
70554,1902,
70555,1898,
70556,1922,
70557,1842,1871
70558,1925,
70559,1951,
70560,1898,
70561,1869,
70562,1950,
70563,1902,
70564,1923,
70565,1888,
70566,1907,1910
70567,1903,
70568,1913,1915
70569,1540,
70570,1928,
70571,1950,
70572,1926,
70573,1925,
70574,1924,
70575,1896,
70576,1903,
70577,1907,1910
70578,1907,
70579,1916,
70580,1951,
70581,1913,
70582,1895,
70583,1951,
70584,1853,
70585,1926,
70586,1905,
70587,1927,
70589,1929,
70590,1951,
70591,1906,
70592,1906,
70593,1906,
70594,1924,
70595,1820,
70596,1959,
70597,1923,
70598,1926,
70599,1921,
70600,1922,
70601,1914,
70602,1908,
70603,1925,
70604,1920,
70605,1951,
70606,1928,
70607,1916,
70608,1853,
70609,1811,
70610,1957,
70611,1965,1977
70612,1927,
70613,1863,
70614,1912,
70615,1911,1912
70616,1908,
70617,1897,
70618,1907,
70619,1902,1905
70620,1927,
70621,1907,
70622,1957,1961
70623,1951,
70624,1915,
70625,1963,
70626,1943,
70627,1919,1924
70628,1860,
70629,1860,
70630,1926,
70631,1873,
70632,1873,
70633,1922,
70634,1926,
70635,1895,
70636,1897,
70637,1892,
70638,1957,
70639,1841,
70640,1923,
70641,1900,
70642,1910,
70643,1892,
70644,1901,
70645,1926,
70646,1841,
70647,1951,
70648,1851,
70649,1907,
70650,1906,
70651,1924,
70652,1936,
70653,1929,
70654,1913,
70655,1901,
70656,1850,
70657,1921,
70658,1831,
70659,1918,
70660,1921,
70661,1921,
70662,1837,
70663,1904,
70664,1907,
70665,1891,
70666,1924,
70667,1922,
70668,1957,
70669,1899,
70670,1904,
70671,1897,
70672,1920,
70673,1925,
70674,1920,
70675,1892,
70676,1866,1867
70677,1914,
70678,1921,
70679,1865,
70680,1899,
70681,1851,
70682,1927,
70683,1921,1922
70684,1907,1910
70685,1912,
70686,1867,
70687,1905,
70688,1897,
70689,1950,
70690,1914,
70691,1931,
70692,1921,
70693,1872,
70694,1951,
70695,1922,
70696,1883,1890
70697,1903,
70698,1920,
70699,1905,
70700,1878,
70701,1905,
70702,1911,
70703,1909,
70704,1859,
70705,1907,1910
70706,1895,
70707,1895,
70708,1923,
70709,1918,
70710,1906,
70711,1895,
70712,1916,
70713,1556,1566
70714,1921,
70715,1914,
70716,1834,
70717,1909,1964
70718,1891,
70719,1925,
70720,1905,1969
70721,1846,
70722,1874,1877
70723,1881,
70724,1919,
70725,1898,
70726,1827,
70727,1894,
70728,1895,
70729,1832,
70730,1875,
70731,1923,
70732,1856,
70733,1899,
70734,1867,
70735,1878,
70736,1927,
70737,1834,
70738,1914,
70739,1914,
70740,1891,
70741,1926,
70742,1925,
70743,1927,
70744,1917,
70745,1921,
70746,1809,
70747,1809,
70748,1892,
70749,1912,
70750,1913,
70751,1917,
70752,1926,
70753,1923,
70754,1891,
70755,1873,
70756,1873,
70757,1873,
70758,1867,
70759,1865,
70760,1960,
70761,1945,
70762,1927,
70763,1873,1878
70764,1877,
70765,1893,
70766,1925,
70767,1922,
70768,1905,
70769,1885,
70770,1913,
70771,1918,
70772,1899,
70773,1914,
70774,1927,
70775,1882,
70776,1875,
70777,1924,
70778,1905,
70779,1847,
70780,1927,
70781,1913,
70782,1920,
70783,1919,
70784,1750,
70785,1923,
70786,1909,
70787,1907,
70788,1927,
70789,1919,1920
70790,1916,
70791,1899,
70792,1887,
70793,1924,
70794,1927,
70795,1912,
70796,1890,
70797,1916,
70798,1900,1956
70799,1901,
70800,1908,
70801,1926,
70802,1923,
70803,1926,
70804,1910,1923
70805,1910,1923
70806,1910,1923
70807,1910,1923
70808,1876,
70809,1880,
70810,1924,
70811,1877,1905
70812,1914,
70813,1889,
70814,1939,
70815,1929,
70816,1933,
70817,1963,
70818,1896,
70819,1881,
70820,1911,
70821,1888,
70822,1867,
70823,1924,
70824,1950,
70825,1909,
70826,1900,
70827,1867,
70828,1900,
70829,1923,
70830,1929,
70831,1951,
70832,1927,
70833,1821,
70834,1904,
70835,1914,
70836,1886,
70837,1891,
70838,1903,
70839,1903,
70840,1903,
70841,1920,
70842,1913,
70843,1924,
70844,1927,
70845,1922,
70846,1872,
70847,1908,
70848,1548,
70849,1927,
70850,1900,
70851,1857,
70852,1908,
70853,1893,
70854,1907,
70855,1881,1890
70856,1890,
70857,1910,
70858,1889,
70859,1924,
70860,1903,
70861,1914,
70862,1881,1908
70863,1860,
70864,1919,
70865,1919,
70866,1859,
70867,1925,
70868,1903,
70869,1909,
70870,1863,1865
70871,1893,
70872,1919,
70873,1901,
70874,1907,
70875,1925,
70876,1904,
70877,1927,
70878,1921,
70879,1929,
70880,1913,
70881,1916,
70882,1923,
70883,1895,
70884,1915,
70885,1993,
70886,1878,
70887,1916,1921
70888,1887,
70889,1854,
70890,1968,
70891,1880,
70892,1896,
70893,1901,1905
70894,1883,
70895,1907,
70896,1926,
70897,1910,
70898,1874,1877
70899,1939,
70900,1914,
70901,1917,
70902,1924,1925
70903,1888,
70904,1926,
70905,1874,
70906,1960,
70907,1856,
70908,1878,
70909,1917,
70910,1911,
70911,1899,
70912,1929,
70913,1923,
70914,1901,
70915,1910,
70916,1899,
70917,1908,
70918,1922,1924
70919,1894,
70920,1917,
70921,1871,
70922,1900,
70923,1910,
70924,1894,
70925,1879,
70926,1922,
70927,1856,
70928,1926,
70929,1887,
70930,1832,
70931,1910,
70932,1900,
70933,1926,
70934,1923,
70935,1883,
70936,1910,
70937,1914,
70938,1890,
70939,1877,1878
70940,1910,
70941,1921,
70942,1926,
70943,1898,
70944,1959,
70945,1922,
70946,1915,
70947,1875,
70948,1911,
70949,1926,
70950,1850,
70951,1924,
70952,1902,
70953,1919,
70954,1920,
70955,1924,
70956,1920,
70957,1873,
70958,1914,
70959,1913,
70960,1927,
70961,1910,
70962,1963,
70963,1908,
70964,1926,
70965,1902,
70966,1898,1899
70967,1917,
70968,1911,
70969,1920,
70970,1962,
70971,1914,
70972,1921,
70973,1922,
70974,1900,
70975,1924,
70976,1924,
70977,1868,
70978,1910,
70979,1924,
70980,1912,1919
70981,1923,
70982,1919,
70983,1900,1903
70984,1909,
70985,1856,
70986,1877,
70987,1869,
70988,1927,
70989,1895,
70990,1923,
70991,1908,
70992,1910,
70993,1904,
70994,1914,
70995,1917,
70996,1926,
70997,1883,
70999,1879,
71000,1927,1954
71001,1865,
71002,1926,
71003,1897,
71004,1908,
71005,1914,
71006,1906,
71007,1891,
71008,1886,
71009,1904,
71010,1915,
71011,1806,
71012,1900,
71013,1903,
71014,1911,
71015,1902,
71016,1924,
71017,1914,
71018,1906,
71019,1909,
71020,1912,
71021,1895,
71022,1868,
71023,1916,
71024,1916,
71025,1926,
71026,1925,
71027,1906,
71028,1908,
71029,1891,
71030,1926,
71031,1878,
71032,1922,
71033,1878,
71034,1915,
71035,1894,
71036,1827,
71037,1901,
71038,1896,1922
71039,1921,
71040,1917,1937
71041,1912,
71042,1910,
71043,1912,
71044,1910,
71045,1805,
71046,1892,1908
71047,1925,
71048,1887,
71049,1962,
71050,1924,
71051,1887,
71052,1928,
71053,1913,
71054,1913,
71055,1909,
71056,1918,
71057,1596,1863
71058,1834,
71059,1891,
71060,1836,
71061,1900,
71062,1926,
71063,1899,1999
71064,1899,1999
71065,1928,
71066,1937,
71067,1924,
71068,1915,
71069,1925,
71070,1905,
71071,1925,
71072,1914,
71073,1927,
71074,1894,
71075,1910,1923
71076,1925,
71077,1849,
71078,1918,
71079,1903,
71080,1863,
71081,1756,
71082,1920,
71083,1912,
71084,1849,
71085,1936,
71086,1922,
71087,1906,
71088,1908,
71089,1934,
71090,1852,
71091,1919,
71092,1899,
71093,1926,
71094,1921,1924
71095,1899,1999
71096,1898,
71097,1858,1876
71098,1885,1913
71099,1881,
71100,1891,
71101,1918,
71102,1909,
71103,1850,
71105,1908,
71106,1902,
71107,1895,
71108,1858,1867
71109,1936,
71110,1926,
71111,1911,
71112,1867,
71113,1867,
71114,1867,
71115,1874,1877
71116,1897,1911
71117,1925,
71118,1879,1907
71119,1922,
71120,1927,
71121,1909,
71122,1894,
71123,1910,
71124,1929,1949
71125,1918,
71126,1912,
71127,1921,
71128,1907,
71129,1819,
71130,1872,
71131,1849,
71132,1886,
71133,1892,
71134,1897,
71135,1914,
71136,1922,
71137,1926,
71138,1949,
71139,1930,
71140,1771,
71141,1896,
71142,1900,
71143,1908,
71144,1842,1871
71145,1913,
71146,1897,
71147,1910,1923
71148,1910,1923
71149,1922,
71150,1920,
71151,1882,
71152,1914,
71153,1923,
71154,1820,
71155,1927,
71156,1831,
71157,1927,
71158,1924,
71159,1902,
71160,1973,
71161,1910,
71163,1841,1842
71164,1912,
71165,1806,
71166,1902,
71167,1934,
71168,1936,
71169,1834,
71170,1899,
71171,1938,1968
71172,1908,
71173,1867,
71174,1895,
71175,1925,
71176,1926,
71177,1927,
71178,1886,
71179,1897,
71180,1935,
71181,1917,
71182,1844,
71183,1917,
71184,1919,
71185,1924,
71186,1905,
71187,1914,
71188,1893,1912
71189,1925,
71190,1906,
71191,1722,
71192,1886,
71193,1925,
71194,1835,1840
71195,1930,
71196,1913,
71197,1934,
71198,1899,
71199,1920,
71200,1927,
71201,1924,
71202,1925,
71203,1867,
71204,1924,
71205,1904,
71206,1917,
71207,1903,
71208,1922,
71209,1905,
71210,1896,
71211,1914,
71212,1912,
71213,1926,
71214,1916,
71215,1916,
71216,1922,
71217,1892,
71218,1902,
71219,1921,
71220,1850,
71221,1894,
71222,1910,1969
71223,1926,
71224,1867,
71225,1539,
71226,1960,
71227,1899,
71228,1922,
71229,1892,
71230,1913,
71231,1919,
71232,1908,
71233,1881,
71234,1922,
71235,1903,
71236,1927,
71237,1926,
71238,1914,
71239,1926,
71240,1927,
71241,1901,
71242,1915,
71243,1909,
71244,1867,
71245,1871,
71246,1874,
71247,1951,
71248,1899,1999
71249,1899,1999
71250,1908,
71251,1901,
71252,1893,
71253,1877,
71254,1918,
71255,1930,
71256,1910,
71257,1921,
71258,1886,1890
71259,1807,
71260,1925,
71261,1899,
71262,1905,
71263,1921,
71264,1918,1919
71265,1916,
71267,1896,
71268,1929,
71269,1907,
71270,1904,1956
71272,1926,
71273,1927,
71274,1904,
71275,1909,
71276,1899,
71277,1780,
71278,1780,
71279,1920,
71280,1878,
71281,1927,
71282,1916,
71283,1924,
71284,1900,
71285,1910,
71286,1865,
71287,1927,
71288,1908,
71289,1919,
71290,1874,1877
71291,1910,
71292,1834,
71293,1907,
71294,1922,
71295,1896,
71296,1908,
71297,1913,
71298,1599,
71299,1908,
71300,1909,
71301,1926,
71302,1835,
71303,1921,
71304,1741,
71305,1921,
71306,1911,
71307,1911,
71308,1905,
71309,1920,
71310,1924,
71311,1927,
71312,1895,
71313,1923,
71314,1916,1969
71315,1927,
71316,1933,
71317,1906,
71318,1828,
71319,1808,
71320,1878,
71321,1875,
71322,1912,
71323,1901,
71324,1904,
71325,1869,
71326,1899,1999
71327,1947,
71328,1911,
71329,1847,
71330,1853,
71331,1908,
71332,1926,
71333,1899,
71334,1917,
71335,1886,
71336,1923,
71337,1917,1918
71338,1922,
71339,1898,
71340,1926,
71341,1914,
71342,1910,
71343,1917,
71344,1851,
71345,1899,1902
71346,1902,
71347,1949,
71348,1927,
71349,1926,
71350,1922,1924
71351,1927,1942
71352,1907,
71353,1907,
71354,1898,
71355,1897,
71356,1890,1897
71357,1866,
71358,1866,
71359,1866,
71360,1896,
71361,1923,
71362,1916,
71364,1912,
71365,1897,
71366,1909,
71367,1927,
71368,1918,
71369,1899,
71370,1934,
71371,1929,
71372,1932,
71373,1889,
71374,1927,
71375,1875,
71376,1896,
71377,1927,
71378,1958,
71379,1882,
71380,1910,1911
71381,1885,
71382,1865,
71383,1865,
71384,1915,
71385,1875,
71386,1927,
71387,1851,
71388,1920,
71389,1960,
71390,1926,
71391,1860,
71392,1902,1903
71393,1875,
71394,1919,
71395,1907,1920
71396,1806,
71397,1964,
71398,1914,
71399,1889,
71400,1920,1921
71401,1887,
71402,1921,
71403,1837,
71404,1836,
71405,1746,
71406,1835,1840
71407,1906,
71408,1969,
71409,1877,
71410,1912,
71411,1905,
71412,1916,
71413,1906,
71414,1894,
71415,1910,1923
71416,1926,
71417,1906,
71418,1940,
71419,1907,
71420,1927,
71421,1913,
71422,1923,
71423,1921,
71424,1910,
71425,1915,
71426,1802,
71427,1903,
71428,1917,
71429,1880,
71430,1910,1923
71431,1905,
71432,1922,
71434,1910,
71435,1911,
71436,1853,
71437,1949,
71438,1949,
71439,1919,1921
71440,1921,
71441,1961,
71442,1916,
71443,1923,
71444,1853,
71445,1880,
71446,1919,
71447,1954,
71448,1926,
71449,1920,
71450,1924,
71451,1909,
71452,1912,
71453,1772,
71454,1913,
71455,1419,1467
71456,1876,
71457,1920,
71458,1918,
71459,1937,
71460,1892,
71461,1914,
71462,1887,1896
71463,1872,
71464,1905,
71465,1926,
71466,1886,1888
71467,1853,
71468,1853,
71469,1885,
71470,1844,
71471,1917,
71472,1921,
71473,1913,
71474,1921,
71475,1922,1923
71476,1918,
71477,1893,
71478,1885,
71479,1890,
71480,1905,
71481,1900,1903
71482,1871,1873
71483,1856,
71484,1890,
71486,1902,
71487,1919,
71488,1923,
71489,1919,
71490,1924,
71491,1957,
71492,1927,
71493,1871,
71494,1900,1903
71495,1900,1903
71496,1909,
71497,1925,
71498,1853,
71499,1925,
71500,1913,
71501,1902,
71502,1892,
71503,1923,
71504,1888,
71505,1911,
71506,1916,
71507,1900,1903
71508,1919,
71509,1859,
71510,1848,
71511,1896,
71512,1865,
71513,1894,
71514,1902,
71515,1925,
71516,1907,
71517,1921,
71518,1866,
71519,1913,
71520,1915,
71521,1961,
71522,1900,
71523,1871,
71524,1924,
71525,1957,
71526,1899,
71527,1906,
71528,1897,
71529,1910,
71530,1957,
71531,1900,1903
71532,1895,
71533,1895,
71534,1908,
71535,1839,
71536,1896,
71537,1868,
71539,1844,
71540,1844,
71541,1917,
71542,1889,
71543,1914,
71544,1834,
71545,1914,
71546,1909,
71547,1904,1905
71548,1918,
71549,1889,
71550,1924,
71551,1893,
71552,1902,
71553,1911,
71554,1874,1877
71555,1905,
71556,1825,
71557,1909,
71558,1893,
71559,1799,
71560,1919,
71561,1894,
71562,1911,
71564,1926,
71565,1957,
71566,1909,
71567,1902,
71568,1957,
71569,1881,
71570,1945,
71571,1913,
71572,1917,
71573,1909,
71574,1850,
71575,1861,
71576,1900,
71577,1923,
71578,1916,
71579,1907,
71580,1957,
71581,1897,1904
71582,1900,
71583,1918,
71584,1957,
71585,1898,
71586,1957,
71587,1924,
71588,1865,
71589,1957,
71590,1889,
71591,1875,
71592,1957,
71593,1914,
71594,1919,
71595,1891,
71596,1925,
71597,1896,1898
71598,1884,
71599,1911,
71600,1877,
71601,1918,
71602,1917,
71603,1912,1928
71604,1912,
71605,1911,
71606,1908,
71607,1912,
71608,1855,
71609,1881,
71610,1905,
71611,1905,
71612,1906,
71613,1896,
71614,1904,
71615,1906,
71616,1896,1899
71617,1916,
71618,1943,
71619,1909,
71620,1883,
71621,1873,
71622,1873,
71623,1892,
71624,1925,
71625,1883,
71626,1917,
71627,1905,
71628,1957,
71629,1946,
71630,1911,1921
71631,1899,
71632,1911,
71633,1923,
71634,1926,
71635,1899,
71636,1898,
71637,1957,
71638,1910,1911
71639,1894,
71640,1924,
71641,1880,
71642,1903,
71643,1862,
71644,1802,
71645,1957,
71646,1957,
71647,1915,
71648,1925,
71649,1898,
71650,1910,1969
71651,1923,
71652,1910,1923
71653,1916,
71654,1920,
71655,1902,
71656,1902,
71657,1905,
71658,1921,
71659,1947,
71660,1957,
71661,1892,
71662,1969,
71663,1867,
71664,1926,
71665,1912,
71666,1947,
71667,1913,
71668,1873,
71669,1874,
71670,1926,
71671,1874,
71672,1896,1903
71673,1806,
71674,1909,
71675,1911,
71676,1866,
71677,1906,
71678,1896,
71679,1906,
71680,1890,
71681,1917,
71682,1912,
71683,1855,
71684,1926,
71685,1920,
71686,1901,
71687,1864,
71688,1921,
71689,1900,
71690,1969,
71691,1925,
71692,1947,
71693,1895,
71694,1957,
71696,1914,
71697,1900,
71698,1869,
71699,1921,
71700,1911,
71701,1899,
71702,1957,
71703,1910,1923
71704,1924,
71705,1921,
71706,1916,
71707,1900,
71708,1912,
71709,1891,1918
71710,1919,
71711,1875,1903
71712,1892,
71713,1889,
71714,1914,
71715,1919,
71716,1925,1952
71717,1831,
71718,1902,
71719,1850,
71720,1926,
71721,1912,
71722,1905,
71723,1919,
71724,1882,
71725,1841,
71726,1891,
71727,1921,
71728,1904,
71729,1874,
71730,1893,
71731,1892,
71732,1917,
71733,1905,
71734,1900,
71735,1901,
71736,1914,
71737,1887,
71738,1910,
71739,1862,
71740,1897,
71741,1918,
71742,1897,
71743,1909,
71744,1937,
71745,1918,
71746,1917,
71747,1922,
71748,1918,
71749,1920,
71750,1896,
71751,1898,
71752,1907,
71753,1895,
71754,1826,
71755,1907,
71756,1895,
71757,1912,
71758,1786,1972
71759,1903,
71760,1911,
71761,1907,
71762,1924,
71763,1925,
71764,1926,
71765,1926,
71767,1903,
71768,1909,
71769,1899,1903
71770,1920,
71771,1922,
71772,1916,
71773,1870,
71774,1907,
71775,1923,
71776,1893,
71777,1952,1953
71778,1924,
71779,1851,
71780,1922,
71781,1792,
71782,1896,
71783,1915,
71784,1948,
71785,1907,
71786,1920,
71787,1912,
71788,1884,
71789,1901,
71790,1905,
71791,1923,
71792,1851,
71793,1920,
71794,1897,
71795,1897,
71796,1897,
71797,1897,
71798,1919,
71799,1908,
71800,1957,
71801,1914,
71802,1913,
71803,1897,
71804,1897,
71805,1923,
71806,1936,
71807,1916,
71808,1904,
71809,1923,
71810,1957,
71811,1916,
71812,1878,1906
71813,1957,
71814,1957,
71815,1957,
71816,1923,
71817,1926,
71818,1923,
71819,1957,
71820,1913,
71821,1957,
71822,1868,
71823,1872,
71824,1904,
71825,1905,
71826,1900,
71827,1923,
71828,1906,
71829,1892,
71830,1853,
71831,1920,
71832,1927,
71833,1913,
71834,1922,
71835,1895,
71836,1903,
71837,1903,
71838,1887,
71839,1912,
71840,1902,
71841,1925,
71842,1884,
71843,1888,1901
71844,1826,
71845,1895,
71846,1895,
71847,1911,
71848,1927,
71849,1770,1771
71850,1851,
71851,1917,
71852,1893,
71853,1925,
71854,1842,1871
71855,1908,
71856,1919,
71857,1958,
71858,1898,
71859,1957,
71860,1896,
71861,1904,
71862,1877,
71863,1912,
71864,1907,
71865,1925,
71866,1745,
71867,1957,
71868,1957,
71869,1957,
71870,1958,
71871,1895,
71872,1896,
71873,1898,
71874,1902,
71875,1926,
71876,1871,
71877,1920,
71878,1865,
71879,1927,
71880,1913,
71881,1905,
71882,1930,
71883,1958,
71884,1886,
71885,1903,
71886,1958,
71887,1881,
71888,1836,
71889,1900,
71890,1913,
71891,1901,
71892,1886,
71893,1881,
71894,1896,
71895,1915,
71896,1914,
71897,1895,
71898,1908,
71899,1947,
71900,1925,
71901,1922,
71902,1917,
71903,1908,
71904,1908,
71905,1902,
71906,1877,
71907,1890,
71908,1907,
71909,1958,
71910,1958,
71911,1909,
71912,1916,
71913,1924,
71914,1914,
71915,1893,
71916,1915,
71917,1958,
71918,1957,
71919,1873,
71920,1780,
71922,1894,
71923,1915,
71924,1900,
71925,1916,
71926,1923,
71927,1891,
71928,1883,
71929,1926,
71930,1915,
71931,1921,
71932,1880,
71933,1902,
71934,1918,
71935,1907,
71936,1862,
71937,1867,
71938,1912,
71939,1913,
71940,1925,
71941,1923,
71942,1896,
71943,1833,
71944,1831,
71945,1901,
71946,1771,
71947,1925,
71948,1895,
71949,1900,
71950,1872,
71951,1917,
71952,1882,1899
71953,1910,
71954,1920,
71955,1842,
71956,1918,
71957,1962,
71958,1892,
71959,1910,1923
71960,1925,
71961,1829,
71962,1861,
71963,1904,
71964,1926,
71965,1911,
71966,1898,
71967,1925,
71968,1900,
71969,1924,
71970,1908,
71971,1903,
71972,1868,
71973,1950,
71974,1924,
71975,1916,
71976,1924,
71977,1905,
71978,1896,
71980,1917,
71981,1834,
71982,1860,
71983,1860,
71984,1865,
71985,1913,
71986,1927,
71987,1873,
71988,1912,
71989,1891,
71990,1923,
71991,1908,
71992,1892,
71993,1815,1816
71994,1900,
71995,1909,
71996,1906,
71997,1895,
71998,1870,
71999,1915,
72000,1902,
72001,1959,
72002,1926,
72003,1932,
72004,1955,
72005,1824,
72006,1925,
72007,1889,
72008,1834,
72009,1907,
72010,1924,
72011,1912,
72012,1926,
72013,1914,
72014,1802,
72015,1962,
72016,1881,
72017,1927,
72018,1867,
72019,1867,
72020,1896,
72021,1871,
72022,1916,
72023,1921,
72024,1894,
72025,1908,
72026,1958,
72027,1910,
72028,1913,
72029,1958,
72030,1958,
72031,1915,
72032,1910,
72033,1913,
72034,1845,
72035,1879,
72036,1895,
72037,1937,
72038,1887,
72039,1923,
72040,1917,
72041,1924,
72042,1912,
72043,1908,
72044,1888,1894
72045,1910,
72046,1916,1926
72047,1897,
72048,1902,
72049,1877,
72050,1877,
72051,1896,
72052,1895,
72053,1897,
72054,1971,1978
72055,1880,
72056,1893,
72057,1923,
72058,1895,1901
72059,1958,
72060,1880,
72061,1925,
72062,1915,
72063,1918,
72064,1876,
72065,1870,
72066,1923,
72067,1958,
72068,1912,
72069,1958,
72070,1960,
72071,1925,
72072,1909,
72073,1909,
72074,1913,
72075,1906,
72076,1911,
72077,1889,
72078,1958,
72079,1958,
72080,1958,
72081,1962,
72082,1958,
72083,1885,
72084,1825,
72085,1918,
72086,1927,
72087,1921,
72088,1927,
72089,1891,
72090,1906,
72091,1858,
72092,1962,
72093,1914,
72094,1862,
72095,1912,
72096,1869,
72097,1911,
72098,1915,
72099,1923,
72100,1855,
72101,1919,
72102,1735,
72103,1770,1771
72104,1891,
72105,1891,
72106,1895,
72107,1895,
72108,1847,
72109,1871,
72110,1886,
72111,1921,
72112,1924,
72113,1870,
72114,1925,
72115,1922,
72116,1914,
72117,1919,
72118,1896,
72119,1956,
72120,1956,
72121,1834,
72122,1870,1898
72123,1876,
72124,1909,
72125,1911,
72126,1926,
72127,1925,
72128,1891,
72129,1876,
72130,1920,
72131,1958,
72132,1903,
72133,1875,
72134,1888,
72135,1900,
72136,1926,
72137,1907,
72138,1953,
72139,1925,
72140,1924,
72141,1925,
72142,1856,
72143,1901,
72144,1912,
72145,1924,1928
72146,1923,
72147,1958,
72148,1956,
72149,1962,
72150,1836,
72151,1923,
72152,1923,
72153,1926,
72154,1872,
72155,1844,
72156,1888,2006
72157,1904,
72158,1910,
72159,1922,
72160,1919,
72161,1909,
72162,1797,
72163,1916,
72164,1914,
72165,1846,
72166,1846,
72167,1846,
72168,1902,1904
72169,1907,
72170,1875,
72171,1925,
72172,1956,
72173,1956,
72174,1956,
72175,1956,
72176,1913,
72177,1925,
72178,1962,
72179,1962,
72180,1962,
72181,1962,
72182,1898,
72183,1907,1908
72184,1916,
72185,1922,
72186,1926,
72187,1962,
72188,1927,
72189,1869,
72190,1958,
72191,1962,
72192,1962,
72194,1920,
72195,1903,
72196,1895,
72197,1961,
72198,1916,
72199,1925,
72200,1905,
72201,1909,
72202,1850,
72203,1961,
72204,1927,
72205,1923,
72206,1902,1904
72207,1926,
72208,1907,
72209,1830,
72210,1891,
72211,1900,
72212,1908,
72213,1817,
72214,1817,
72215,1908,
72216,1897,
72217,1896,
72218,1899,
72219,1874,
72220,1922,
72221,1885,
72222,1925,
72223,1926,
72224,1860,
72225,1860,
72226,1904,
72227,1927,
72228,1909,
72229,1862,
72230,1913,
72231,1924,
72232,1906,
72233,1909,
72234,1958,
72235,1921,2016
72236,1879,
72237,1908,
72238,1924,
72239,1921,
72240,1823,
72241,1916,
72242,1914,
72243,1885,
72244,1922,
72245,1962,
72246,1902,
72247,1962,
72248,1962,
72249,1962,
72250,1962,
72251,1622,
72252,1925,
72253,1912,
72254,1897,
72255,1914,
72256,1925,
72257,1913,
72258,1924,
72259,1927,
72260,1923,
72261,1858,
72262,1861,
72263,1927,
72264,1809,
72265,1882,
72266,1962,
72267,1921,
72268,1871,
72269,1962,
72270,1846,
72271,1887,
72272,1962,
72273,1882,
72274,1908,
72275,1901,
72276,1907,
72277,1962,
72278,1962,
72279,1835,
72280,1872,
72281,1852,
72282,1896,
72283,1813,
72284,1925,
72285,1925,
72286,1894,
72287,1817,
72288,1910,
72289,1923,
72290,1921,
72291,1900,
72292,1921,
72293,1911,
72294,1924,
72295,1877,
72296,1800,
72297,1925,
72298,1914,
72299,1922,
72300,1894,
72301,1912,
72302,1963,
72303,1915,
72304,1962,
72305,1963,
72306,1892,
72307,1923,
72308,1919,
72309,1889,
72310,1963,
72311,1963,
72312,1962,
72313,1894,
72314,1895,
72315,1846,
72316,1908,1927
72317,1907,
72318,1884,
72319,1903,
72320,1900,
72321,1872,1874
72322,1872,1874
72323,1872,1874
72324,1897,
72325,1862,
72326,1927,
72327,1896,
72328,1910,
72329,1846,
72330,1902,
72331,1899,
72332,1921,
72333,1926,
72334,1927,
72335,1892,1893
72336,1905,
72337,1962,
72338,1963,
72339,1961,
72340,1862,1863
72341,1910,
72342,1894,
72343,1809,
72344,1926,
72345,1925,
72346,1912,
72347,1962,
72348,1928,
72349,1913,
72350,1926,
72351,1877,
72352,1888,
72353,1888,
72354,1888,
72355,1878,
72356,1910,
72357,1917,
72358,1915,
72359,1890,
72360,1907,
72361,1918,
72362,1913,
72363,1886,
72364,1919,
72365,1984,
72366,1925,
72367,1924,
72368,1907,
72370,1927,
72371,1920,
72372,1926,
72373,1906,
72374,1899,
72375,1924,
72376,1904,
72377,1923,1968
72378,1914,
72379,1927,
72380,1927,
72381,1924,
72382,1832,
72383,1888,
72384,1919,
72385,1869,
72386,1883,1968
72388,1914,
72389,1963,
72390,1963,
72391,1963,
72392,1924,
72393,1919,
72394,1913,
72395,1930,
72397,1962,
72398,1891,
72399,1912,
72400,1905,
72401,1962,
72402,1963,
72403,1949,
72404,1887,
72405,1921,
72406,1926,
72407,1963,
72408,1963,
72409,1921,
72410,1962,
72411,1852,
72412,1890,1918
72413,1921,
72414,1824,1836
72415,1948,
72416,1921,
72417,1913,
72418,1910,
72419,1919,
72420,1963,
72421,1912,
72422,1963,
72423,1900,
72424,1903,
72425,1913,
72426,1903,
72427,1913,
72428,1903,
72429,1963,
72430,1963,
72431,1963,
72432,1828,
72433,1882,
72434,1897,
72435,1920,
72436,1892,
72437,1837,
72438,1894,1897
72439,1963,
72440,1963,
72441,1963,
72442,1920,
72443,1948,
72444,1926,
72445,1897,
72446,1925,
72447,1941,
72448,1919,
72449,1906,
72450,1889,
72451,1836,
72452,1799,
72453,1909,
72454,1899,
72455,1900,
72456,1921,
72458,1927,
72459,1900,
72460,1923,
72461,1905,
72462,1925,1926
72463,1815,
72464,1815,
72465,1815,
72466,1925,
72467,1924,
72468,1918,
72470,1839,
72471,1892,
72472,1919,
72473,1922,
72474,1907,
72475,1924,
72476,1827,
72477,1924,
72478,1920,
72479,1878,
72480,1912,
72481,1907,
72482,1882,
72483,1953,
72484,1906,
72485,1953,
72486,1910,
72487,1904,
72488,1922,
72489,1953,
72490,1920,
72491,1926,
72492,1922,
72493,1910,1923
72494,1910,1923
72495,1911,1916
72496,1953,
72497,1953,
72498,1953,
72499,1889,
72500,1903,
72501,1909,
72502,1923,
72503,1891,
72504,1953,
72505,1919,
72506,1953,
72507,1953,
72508,1891,1892
72509,1926,
72510,1926,
72511,1890,
72512,1924,
72513,1925,
72514,1915,
72515,1909,
72516,1853,
72517,1953,
72518,1953,
72519,1882,
72520,1842,
72521,1912,
72522,1953,
72523,1923,
72524,1905,
72525,1853,
72526,1871,
72527,1913,
72528,1927,
72529,1912,
72530,1926,
72531,1902,
72532,1887,
72533,1920,
72534,1884,
72535,1907,
72536,1918,
72537,1960,
72538,1960,
72539,1960,
72540,1834,
72542,1911,
72543,1919,
72544,1852,1856
72545,1899,
72546,1889,1890
72547,1853,
72548,1915,
72549,1924,
72550,1882,
72551,1910,
72552,1912,
72553,1960,
72554,1762,
72555,1963,
72556,1914,
72557,1885,
72558,1963,
72559,1913,
72560,1868,
72561,1868,
72562,1868,
72563,1920,
72564,1853,
72565,1963,
72567,1923,
72568,1926,
72569,1958,
72570,1926,
72571,1892,
72572,1962,
72573,1924,1925
72574,1883,
72575,1883,
72576,1883,
72577,1928,1929
72578,1928,
72579,1928,
72580,1919,
72581,1910,
72582,1835,1840
72583,1886,
72584,1875,1882
72585,1926,
72586,1886,1894
72587,1914,
72588,1925,1928
72589,1960,
72590,1928,
72591,1926,
72592,1889,
72593,1928,
72594,1911,
72595,1926,
72596,1890,
72597,1944,
72598,1903,1911
72599,1915,
72600,1928,1957
72601,1803,
72602,1887,
72603,1895,
72604,1920,
72605,1919,
72606,1889,
72607,1919,1924
72608,1927,
72609,1927,
72610,1862,
72611,1927,
72612,1919,1924
72613,1913,
72614,1960,
72615,1953,
72616,1919,
72617,1910,
72618,1881,
72619,1925,
72620,1913,
72621,1867,
72622,1881,
72623,1867,
72624,1968,
72625,1923,
72626,1870,
72627,1955,
72628,1972,
72629,1927,
72630,1927,
72631,1869,
72632,1917,
72633,1911,
72634,1905,
72635,1920,
72636,1909,1911
72637,1926,
72638,1951,
72639,1921,
72640,1868,
72641,1911,
72642,1927,
72643,1500,
72644,1924,
72645,1641,
72646,1895,
72647,1939,1959
72648,1914,
72649,1906,
72650,1928,
72651,1925,
72652,1911,
72653,1895,
72654,1676,1677
72655,1922,
72656,1928,
72657,1920,
72658,1907,
72659,1925,
72660,1828,
72661,1923,
72662,1961,
72663,1911,
72664,1912,
72665,1928,
72666,1921,
72667,1889,
72668,1889,
72669,1904,
72670,1881,1890
72671,1880,
72672,1890,
72673,1923,1924
72674,1923,
72675,1928,
72676,1861,
72677,1861,
72678,1897,
72679,1916,
72680,1848,
72681,1848,
72682,1848,
72683,1870,
72684,1911,
72685,1925,
72686,1917,1920
72687,1914,
72688,1895,
72689,1963,
72690,1904,
72691,1897,
72692,1915,
72693,1834,
72694,1911,
72695,1890,
72696,1868,
72697,1911,
72698,1909,1964
72699,1897,
72700,1882,
72701,1926,
72702,1921,
72703,1919,
72704,1901,
72705,1924,
72706,1960,
72707,1928,
72708,1882,
72709,1926,
72710,1924,
72711,1950,
72712,1888,
72713,1926,1927
72714,1922,
72715,1853,
72716,1938,
72717,1924,
72718,1896,1898
72719,1928,
72720,1915,
72721,1909,
72722,1884,
72723,1919,
72724,1926,
72725,1902,
72726,1906,
72727,1920,
72728,1886,1890
72729,1900,
72730,1902,
72731,1926,
72732,1916,
72733,1928,
72734,1910,
72735,1924,
72736,1917,
72737,1770,1771
72738,1927,
72739,1928,
72740,1896,
72741,1919,
72742,1915,
72743,1883,
72744,1883,
72745,1883,
72746,1919,1924
72747,1840,
72748,1923,
72749,1928,
72750,1954,
72751,1920,
72752,1900,
72753,1878,
72754,1878,
72755,1909,
72756,1892,
72757,1898,
72758,1903,
72759,1926,
72760,1920,
72761,1873,
72762,1878,
72763,1919,
72764,1908,
72765,1920,
72766,1912,
72767,1860,
72768,1898,
72769,1890,
72770,1911,
72771,1928,
72772,1902,
72773,1925,
72774,1927,
72775,1853,
72776,1897,
72777,1853,
72778,1821,
72779,1916,
72780,1900,
72781,1917,
72782,1928,
72783,1919,
72784,1909,
72785,1910,1923
72786,1952,
72787,1913,
72788,1926,
72789,1914,
72790,1906,
72791,1921,
72792,1927,
72793,1890,
72794,1902,
72795,1961,
72796,1919,
72797,1902,
72798,1928,
72799,1924,
72800,1915,
72801,1924,
72802,1918,
72803,1910,1911
72804,1921,
72805,1910,
72806,1776,
72807,1918,
72808,1925,
72809,1911,
72810,1912,
72811,1914,
72812,1916,
72813,1816,
72814,1897,
72815,1895,
72816,1928,
72817,1911,
72818,1905,
72819,1927,
72820,1905,
72821,1926,
72823,1869,
72824,1928,1962
72825,1896,
72826,1882,
72827,1901,
72828,1919,
72829,1914,
72830,1910,
72831,1910,
72832,1913,
72833,1823,
72834,1916,
72835,1892,
72836,1928,
72839,1928,
72840,1928,1996
72841,1826,
72842,1926,
72843,1914,
72844,1866,
72845,1893,
72846,1889,
72847,1910,
72848,1912,
72849,1900,
72850,1908,
72851,1895,
72852,1896,
72853,1915,
72854,1932,
72855,1928,1967
72856,1884,
72857,1900,
72858,1902,
72859,1925,
72860,1886,
72861,1901,
72862,1838,
72863,1912,
72864,1888,
72865,1923,
72866,1874,1877
72867,1900,
72868,1922,
72869,1928,1952
72870,1924,
72871,1919,
72872,1911,1912
72873,1910,
72874,1926,
72875,1923,
72876,1912,
72877,1921,
72878,1908,
72879,1917,
72880,1917,
72881,1923,
72882,1909,
72883,1925,2010
72884,1889,
72885,1880,
72886,1905,
72887,1926,
72888,1914,
72889,1925,
72890,1928,
72891,1920,
72892,1898,
72893,1926,
72894,1855,
72895,1924,
72896,1897,
72897,1807,1909
72898,1883,
72899,1928,
72900,1911,
72901,1921,
72902,1917,
72903,1916,
72904,1923,
72905,1922,
72906,1906,
72907,1929,
72908,1900,
72909,1923,
72910,1894,
72911,1797,
72912,1893,
72913,1963,
72914,1941,
72915,1911,
72916,1920,
72917,1908,
72918,1925,
72919,1917,
72920,1885,
72921,1820,
72922,1893,1896
72923,1834,
72924,1922,
72925,1903,
72926,1928,
72927,1906,
72928,1914,
72929,1853,
72930,1897,
72931,1899,
72932,1904,
72933,1893,
72934,1665,
72935,1853,
72936,1921,
72937,1921,
72938,1928,
72939,1880,
72940,1905,
72941,1913,
72942,1940,1942
72943,1929,
72944,1893,
72945,1925,
72946,1898,1912
72947,1925,
72948,1924,
72950,1912,
72951,1891,
72952,1891,
72953,1901,1902
72954,1923,
72955,1880,1922
72956,1896,
72957,1901,
72958,1928,1996
72959,1892,
72960,1928,1967
72961,1924,1927
72962,1924,1927
72963,1928,
72964,1889,
72965,1864,
72966,1927,
72967,1924,
72968,1875,
72969,1910,
72970,1914,
72971,1890,
72972,1928,
72973,1783,1784
72974,1906,
72975,1908,
72976,1829,
72977,1916,
72978,1923,1928
72979,1926,
72980,1883,
72981,1927,
72982,1859,
72983,1900,
72984,1914,
72985,1928,
72986,1926,1978
72987,1920,
72988,1921,
72989,1891,
72990,1890,
72991,1827,
72992,1895,
72993,1925,
72994,1922,
72995,1898,
72996,1835,
72997,1919,
72998,1901,
72999,1908,
73000,1903,
73001,1890,
73002,1925,
73003,1920,
73004,1905,
73005,1901,
73006,1831,
73007,1908,
73008,1918,
73009,1919,
73010,1914,
73011,1928,1951
73012,1771,
73013,1896,
73014,1916,
73015,1909,
73016,1921,1922
73017,1928,
73018,1824,1836
73019,1920,
73020,1869,
73021,1895,
73022,1923,
73023,1920,
73024,1926,
73025,1919,
73026,1842,1871
73027,1887,
73028,1924,
73029,1921,
73030,1825,
73031,1913,
73032,1924,
73033,1896,
73034,1897,
73035,1903,1904
73036,1907,
73037,1870,
73038,1888,
73039,1921,
73040,1905,
73041,1904,
73042,1928,1940
73043,1921,
73044,1920,
73045,1917,
73046,1927,
73047,1899,
73048,1916,
73049,1903,
73050,1926,
73051,1906,
73052,1906,
73053,1926,
73054,1909,
73055,1922,
73056,1898,
73057,1889,
73058,1928,
73059,1918,
73060,1906,
73061,1921,1922
73062,1921,1922
73063,1921,1922
73064,1917,
73065,1922,
73066,1924,
73067,1918,
73068,1905,
73069,1922,
73070,1903,
73071,1908,
73072,1906,
73073,1860,
73074,1913,
73075,1899,
73076,1840,
73077,1883,
73078,1873,
73079,1920,
73080,1923,
73081,1905,
73082,1914,
73083,1913,
73084,1902,
73085,1926,
73086,1853,
73087,1915,
73088,1926,
73089,1907,
73090,1917,
73091,1926,
73092,1900,
73093,1888,1890
73094,1888,
73095,1928,
73096,1907,
73097,1887,
73098,1889,
73099,1891,
73100,1928,
73101,1888,
73102,1928,1997
73103,1924,
73104,1907,
73105,1919,
73106,1904,
73107,1924,
73108,1925,
73109,1900,
73110,1906,
73111,1875,
73112,1875,
73113,1919,
73114,1911,
73115,1910,
73116,1913,
73117,1889,
73118,1919,
73119,1926,
73120,1811,
73121,1906,
73122,1912,
73123,1886,
73124,1924,
73125,1921,
73126,1928,
73127,1910,
73128,1902,1905
73129,1920,
73130,1910,1923
73131,1927,
73132,1927,
73133,1908,1909
73134,1897,
73135,1956,
73136,1901,1904
73137,1910,1923
73138,1890,
73140,1921,
73141,1904,1921
73142,1927,
73143,1924,
73144,1928,
73145,1941,
73146,1941,
73147,1961,
73148,1941,
73149,1919,
73150,1926,
73151,1924,
73152,1919,
73153,1925,
73154,1925,
73156,1941,
73157,1911,
73158,1919,
73159,1922,
73160,1810,
73161,1893,
73162,1908,
73163,1908,
73164,1926,
73165,1901,
73166,1917,1920
73167,1916,
73168,1923,
73169,1911,
73170,1928,
73171,1902,
73172,1905,
73173,1942,
73174,1911,
73175,1926,
73176,1912,
73177,1939,
73178,1942,
73179,1893,1894
73180,1901,
73181,1941,
73182,1939,
73183,1881,
73184,1892,
73185,1899,
73186,1925,
73187,1819,
73188,1924,
73189,1909,1911
73190,1895,
73191,1906,
73192,1893,
73193,1891,
73194,1868,
73195,1868,
73196,1894,
73197,1921,
73198,1927,
73199,1880,
73200,1875,
73201,1897,
73202,1915,
73203,1904,
73204,1912,
73205,1912,
73206,1922,
73207,1928,
73208,1817,
73209,1862,1871
73210,1891,
73211,1920,
73212,1917,
73213,1867,
73214,1904,
73215,1924,
73216,1924,
73217,1942,
73218,1942,
73219,1909,
73220,1942,
73221,1925,
73222,1908,
73223,1911,
73224,1913,
73225,1900,
73226,1961,
73227,1906,
73228,1904,
73229,1897,
73230,1937,
73231,1961,
73232,1821,
73233,1936,
73234,1914,
73235,1923,
73236,1925,
73237,1913,
73238,1922,
73239,1925,
73240,1836,
73241,1837,
73242,1840,
73243,1932,
73244,1928,
73245,1919,1928
73246,1890,
73247,1920,
73248,1920,
73249,1914,
73250,1924,
73251,1858,
73252,1921,
73253,1889,
73254,1926,
73255,1915,
73256,1905,
73257,1915,
73258,1906,
73259,1916,1917
73260,1844,
73261,1771,
73262,1876,
73263,1925,
73264,1925,
73266,1923,
73267,1772,
73268,1919,
73269,1905,
73270,1925,1926
73271,1925,
73272,1927,
73273,1927,
73274,1923,
73275,1888,
73276,1926,
73277,1926,
73278,1886,
73279,1744,
73280,1908,
73281,1916,
73282,1915,
73283,1804,
73284,1916,
73285,1925,
73286,1870,
73287,1879,
73288,1961,
73289,1917,
73290,1910,1923
73291,1925,
73292,1909,
73293,1908,
73294,1926,
73295,1928,1949
73296,1961,
73297,1924,
73298,1927,
73299,1897,
73300,1926,
73301,1920,
73302,1894,1897
73303,1854,
73304,1961,
73305,1840,
73306,1900,
73307,1912,
73308,1925,
73309,1902,
73310,1906,
73311,1911,
73312,1903,
73313,1954,
73314,1954,
73315,1928,
73316,1910,
73317,1927,
73318,1853,
73319,1853,
73320,1926,
73321,1909,
73322,1895,
73323,1919,
73324,1927,
73325,1896,
73326,1954,
73327,1917,
73328,1928,1929
73329,1922,
73330,1910,
73331,1885,
73332,1926,
73333,1922,
73334,1910,
73335,1911,
73336,1898,
73337,1926,
73338,1921,
73339,1887,
73340,1892,
73341,1856,
73342,1888,
73343,1924,
73344,1923,
73345,1884,
73346,1762,
73348,1924,
73349,1899,
73350,1903,1921
73351,1956,
73352,1921,
73353,1771,
73354,1954,
73355,1954,
73356,1954,
73357,1954,
73358,1954,
73359,1797,
73360,1986,
73361,1925,
73362,1927,
73363,1797,
73364,1927,
73365,1880,
73366,1903,
73367,1924,
73368,1896,
73369,1905,
73370,1910,
73371,1797,
73372,1884,
73373,1925,
73374,1907,
73375,1960,
73376,1920,
73377,1874,
73378,1911,
73379,1881,
73380,1927,
73381,1895,
73382,1927,1941
73383,1956,
73384,1888,
73385,1956,
73386,1917,
73387,1905,
73388,1925,
73389,1887,
73390,1921,
73391,1847,
73392,1849,
73393,1909,
73394,1799,
73395,1853,
73396,1797,
73397,1907,
73398,1868,
73399,1913,
73400,1904,
73401,1923,
73402,1910,
73403,1910,
73404,1868,
73405,1907,
73406,1883,
73407,1919,
73408,1906,
73409,1906,
73410,1894,
73411,1928,1956
73412,1910,
73413,1864,
73414,1917,
73415,1853,
73416,1893,
73417,1900,
73418,1912,
73419,1771,
73420,1905,
73421,1928,
73423,1677,
73424,1907,
73425,1925,
73426,1898,
73427,1842,
73428,1929,
73429,1772,
73430,1913,
73431,1956,
73432,1911,
73433,1956,
73434,1888,
73435,1924,
73436,1895,
73437,1908,
73438,1854,
73439,1912,
73440,1800,
73441,1953,
73442,1929,
73443,1869,
73444,1922,
73445,1849,
73446,1903,
73447,1884,
73448,1928,
73449,1856,
73450,1910,
73451,1875,
73452,1911,
73453,1916,
73454,1928,
73455,1920,
73456,1928,
73457,1900,
73458,1978,
73459,1928,
73460,1928,
73461,1925,
73462,1926,
73463,1929,
73464,1909,
73465,1849,
73466,1849,
73467,1923,
73468,1927,
73469,1925,
73470,1834,
73471,1915,
73472,1912,1913
73473,1894,
73474,1924,
73475,1927,
73476,1872,
73477,1928,
73478,1915,
73479,1893,
73480,1918,
73481,1919,
73482,1918,
73483,1928,
73484,1927,
73485,1874,1877
73486,1925,
73488,1910,1917
73489,1908,
73490,1910,
73491,1904,
73492,1904,
73493,1912,
73494,1923,
73495,1956,
73496,1956,
73497,1956,
73498,1874,
73499,1902,
73500,1909,1910
73501,1888,
73502,1879,
73503,1891,
73504,1929,
73505,1927,
73506,1925,1925
73507,1914,
73508,1929,
73509,1925,
73510,1913,
73511,1889,
73512,1918,
73513,1894,
73514,1925,
73515,1928,
73516,1886,
73517,1838,
73518,1899,
73519,1771,
73520,1922,
73521,1919,
73522,1867,1868
73523,1956,
73524,1915,
73525,1928,
73526,1856,
73527,1954,
73528,1888,
73529,1928,
73530,1899,
73531,1921,
73532,1906,
73533,1923,
73534,1923,1924
73535,1923,1924
73536,1927,
73537,1923,
73538,1017,
73539,1909,
73540,1961,
73541,1924,
73542,1927,
73543,1906,1907
73544,1920,
73545,1922,
73546,1922,
73547,1941,
73548,1897,1900
73549,1928,2015
73550,1926,
73551,1962,
73552,1846,
73553,1882,
73554,1925,
73555,1928,
73556,1928,
73557,1911,
73558,1925,
73559,1870,
73560,1904,1905
73561,1888,
73562,1911,
73563,1878,
73564,1891,
73565,1909,
73566,1919,
73567,1923,
73568,1898,
73569,1888,
73570,1866,
73571,1824,1836
73572,1928,
73573,1908,
73574,1916,
73575,1929,
73576,1956,
73577,1956,
73578,1956,
73579,1925,
73580,1927,
73581,1892,
73582,1918,
73583,1883,
73584,1910,
73585,1880,
73586,1956,
73587,1895,
73589,1957,
73590,1922,
73591,1956,
73592,1958,
73593,1961,
73594,1956,
73595,1961,
73596,1890,
73597,1918,
73598,1876,
73599,1906,
73601,1886,
73602,1838,
73603,1920,
73604,1929,
73605,1918,
73606,1900,
73607,1890,
73608,1903,
73609,1901,
73610,1884,
73611,1929,
73612,1929,
73613,1921,
73614,1900,
73615,1865,
73616,1917,
73617,1771,
73618,1925,
73619,1920,
73620,1888,
73621,1912,1913
73622,1749,
73623,1927,
73624,1918,
73625,1909,
73626,1847,
73627,1917,
73628,1924,
73629,1885,
73630,1907,
73631,1890,
73632,1869,
73633,1908,
73634,1910,1923
73635,1876,
73636,1897,1906
73637,1867,
73638,1901,
73639,1895,
73640,1911,
73641,1887,
73642,1919,
73643,1910,
73644,1926,
73645,1917,1918
73646,1913,
73647,1926,
73648,1930,
73649,1908,
73650,1881,
73651,1884,
73652,1918,
73653,1923,
73654,1905,
73655,1918,
73656,1902,
73657,1771,
73658,1914,
73659,1867,
73660,1899,
73661,1884,
73662,1920,
73663,1919,
73664,1834,
73665,1923,
73666,1905,
73667,1911,
73668,1915,
73669,1921,
73670,1928,
73671,1909,1914
73672,1898,
73673,1927,
73674,1957,
73675,1929,
73677,1926,1948
73678,1957,
73679,1930,
73680,1929,
73681,1916,
73682,1957,
73683,1898,
73684,1919,
73685,1919,
73686,1908,
73687,1907,
73688,1910,
73689,1895,
73690,1894,
73691,1925,
73692,1915,
73693,1914,
73694,1859,
73695,1859,
73696,1913,
73697,1911,
73698,1911,
73699,1917,1922
73700,1865,
73701,1912,
73702,1904,
73703,1957,
73704,1957,
73705,1926,
73706,1927,
73707,1909,
73708,1908,
73709,1928,
73710,1871,1899
73711,1906,
73712,1877,
73713,1921,
73714,1904,
73715,1927,2020
73716,1924,
73717,1915,
73718,1917,
73719,1927,
73720,1922,
73721,1875,
73722,1919,
73723,1890,
73724,1929,
73725,1922,
73726,1928,
73727,1927,1963
73728,1892,
73729,1926,
73730,1925,
73731,1923,
73732,1914,
73733,1837,
73734,1894,
73735,1908,
73736,1842,1871
73737,1925,
73738,1861,
73739,1914,
73740,1906,1907
73741,1889,
73742,1922,
73743,1913,
73744,1902,
73745,1920,
73746,1849,
73747,2007,
73748,1927,
73749,1920,
73750,1931,
73751,1876,
73752,1876,
73753,1926,1927
73754,1900,
73755,1918,
73756,1924,
73757,1874,
73758,1856,
73759,1912,
73760,1897,
73761,1813,
73762,1927,
73763,1918,
73764,1923,
73765,1927,
73766,1923,
73767,1883,
73768,1869,
73769,1904,
73770,1923,
73771,1925,
73772,1869,
73773,1926,
73774,1924,
73775,1927,
73776,1911,
73777,1905,
73778,1901,
73779,1790,
73780,1920,
73781,1928,
73782,1925,
73783,1911,
73784,1916,
73785,1927,
73786,1889,
73787,1920,
73788,1926,
73789,1906,
73790,1915,
73791,1930,
73792,1892,
73793,1927,
73794,1919,
73795,1923,
73796,1905,
73797,1771,
73798,1895,
73799,1849,
73800,1718,
73801,1908,
73802,1909,
73803,1909,1910
73804,1906,
73805,1907,
73806,1920,
73807,1897,
73808,1913,
73809,1915,
73810,1924,
73811,1919,
73812,1886,
73813,1926,
73814,1922,
73815,1898,
73816,1906,
73817,1970,
73818,1910,1923
73819,1919,1920
73820,1919,1921
73821,1925,
73822,1904,
73823,1921,
73824,1897,
73825,1895,
73826,1909,
73827,1928,
73828,1892,
73829,1898,
73830,1858,1868
73831,1923,
73832,1890,
73833,1771,
73834,1899,
73835,1851,
73836,1920,
73837,1901,
73838,1925,
73839,1921,
73840,1919,1922
73841,1920,
73842,1885,
73843,1861,
73844,1909,
73845,1925,
73846,1928,
73847,1880,
73848,1923,
73849,1911,
73850,1904,
73851,1917,1922
73852,1922,
73853,1919,
73854,1892,
73855,1930,
73856,1886,
73857,1930,
73858,1925,
73859,1912,1913
73860,1895,
73861,1925,
73862,1922,
73863,1815,
73864,1909,
73865,1902,
73866,1883,
73867,1913,
73868,1958,
73869,1958,
73870,1928,
73871,1922,
73872,1919,
73873,1907,
73874,1928,
73875,1878,
73876,1878,
73877,1839,
73878,1871,
73879,1912,
73880,1903,
73881,1924,1956
73882,1906,
73883,1926,
73884,1928,
73885,1909,
73886,1950,
73887,1887,1888
73888,1905,
73889,1928,
73890,1922,
73891,1899,
73892,1924,
73893,1907,
73894,1925,
73895,1907,
73896,1927,
73897,1924,
73898,1910,
73899,1913,
73900,1926,
73901,1909,
73902,1834,
73903,1834,
73904,1901,
73905,1922,
73906,1839,
73907,1924,
73908,2008,
73909,1901,
73910,1894,
73911,1841,
73912,1868,
73913,1926,
73914,1897,
73915,1928,
73916,1928,
73917,1910,
73918,1925,
73919,1923,
73920,1903,
73921,1897,1901
73922,1913,
73923,1910,1911
73924,1940,
73925,1939,
73926,1929,
73927,1898,
73928,1879,
73929,1918,
73930,1904,
73931,1879,
73932,1915,
73933,1921,
73934,1924,
73935,1928,
73936,1959,
73937,1959,
73938,1959,
73939,1919,
73940,1939,1964
73941,1928,
73942,1940,
73943,1940,
73944,1924,
73945,1841,
73946,1913,
73947,1925,
73948,1892,
73949,1874,
73950,1921,
73951,1929,
73952,1930,
73953,1917,
73954,1925,
73955,1896,
73956,1853,
73957,1839,
73958,1786,
73959,1856,
73960,1928,
73961,1895,
73962,1920,
73963,1918,
73964,1904,
73965,1906,
73966,1921,
73967,1869,
73968,1926,
73969,1849,
73970,1904,
73971,1915,
73972,1894,
73973,1894,
73974,1894,
73975,1906,1921
73976,1918,
73977,1926,
73978,1853,
73979,1914,
73980,1920,
73981,1923,
73982,1883,
73983,1810,
73984,1912,
73985,1918,1924
73986,1860,
73987,1928,
73988,1927,
73989,1915,
73990,1910,
73991,1917,
73992,1909,
73993,1912,
73994,1926,
73995,1924,
73996,1925,
73997,1909,
73998,1907,
73999,1925,
74000,1923,
74001,1768,
74002,1881,1883
74003,1926,
74004,1895,
74005,1910,
74006,1889,
74007,1899,
74008,1908,
74009,1907,
74010,1961,
74011,1927,
74012,1904,
74013,1912,
74014,1927,
74015,1928,
74016,1911,
74017,1892,
74018,1939,
74019,1940,
74020,1929,
74021,1941,
74022,1926,
74023,1928,
74024,1941,
74025,1940,
74026,1878,
74027,1924,
74028,1910,
74029,1912,
74030,1918,
74031,1918,
74032,1904,
74033,1902,
74034,1928,
74035,1927,
74036,1926,
74037,1922,
74038,1916,
74039,1913,
74040,1917,
74041,1916,
74042,1850,
74043,1850,
74044,1925,
74045,1925,
74046,1925,
74047,1914,
74048,1925,
74049,1908,
74050,1848,
74051,1880,
74052,1908,
74053,1884,
74054,1924,
74055,1909,
74056,1885,
74057,1915,
74058,1915,
74059,1927,
74060,1928,
74061,1922,
74062,1905,
74063,1914,
74064,1923,
74065,1916,
74066,1907,
74067,1960,
74068,1878,
74069,1923,
74070,1908,
74071,1912,1913
74072,1910,
74073,1918,
74074,1954,
74075,1930,
74076,1902,
74077,1914,
74078,1880,
74079,1928,
74080,1738,
74081,1922,
74082,1889,
74083,1836,
74084,1880,
74085,1891,
74086,1930,
74087,1873,
74088,1882,
74089,1913,
74090,1927,
74091,1927,
74092,1908,
74093,1909,
74094,1880,
74095,1954,
74096,1898,
74097,1927,
74098,1928,1979
74099,1898,
74100,1914,
74101,1923,
74102,1876,
74103,1901,
74104,1902,
74105,1899,
74106,1901,
74107,1928,
74108,1905,
74109,1940,
74110,1940,
74111,1914,
74112,1905,
74113,1928,
74114,1916,
74115,1915,
74116,1909,
74117,1906,
74118,1923,
74119,1930,
74120,1938,
74121,1924,
74122,1833,
74123,1923,
74124,1928,
74125,1924,
74126,1863,
74127,1874,
74128,1923,
74129,1922,
74130,1928,
74131,1878,
74132,1943,
74133,1927,
74134,1905,
74135,1915,
74136,1905,
74137,1922,
74138,1942,
74139,1954,
74140,1924,
74141,1488,
74142,1924,
74143,1923,
74144,1954,
74145,1925,
74146,1853,
74147,1938,
74148,1921,
74149,1928,
74150,1925,
74151,1835,
74152,1860,
74153,1904,
74154,1893,
74155,1905,
74156,1859,
74157,1895,1897
74158,1906,
74159,1902,
74160,1954,
74161,1954,
74162,1954,
74163,1918,
74164,1923,
74165,1954,
74166,1923,
74167,1920,
74168,1912,
74169,1927,
74170,1910,
74171,1929,
74172,1905,
74173,1942,
74174,1942,
74175,1925,
74176,1922,
74177,1892,
74178,1900,
74179,1902,
74180,1851,1854
74181,1928,
74182,1885,
74183,1927,
74184,1923,
74185,1873,
74186,1873,
74187,1866,1867
74188,1919,
74189,1876,
74190,1891,
74191,1899,
74192,1924,
74193,1890,
74194,1928,
74195,1871,
74196,1786,
74197,1895,1900
74198,1954,
74199,1954,
74200,1907,
74201,1840,
74202,1914,
74203,1920,
74204,1928,
74205,1954,
74206,1954,
74207,1856,
74208,1869,
74209,1869,
74210,1918,
74211,1917,
74212,1926,
74213,1912,
74214,1908,
74215,1928,
74216,1906,
74217,1925,
74218,1912,
74219,1954,
74220,1921,
74221,1940,
74222,1923,
74223,1853,
74224,1916,
74225,1895,1896
74226,1942,
74227,1940,
74228,1825,
74229,1905,
74230,1924,
74231,1920,
74232,1923,
74233,1925,
74234,1796,
74235,1921,
74236,1839,
74237,1907,1910
74238,1834,
74239,1923,
74240,1689,
74241,1878,
74242,1913,
74243,1924,1927
74244,1921,
74245,1916,
74246,1882,
74247,1836,
74248,1925,
74249,1928,
74250,1924,
74251,1908,
74252,1918,
74253,1791,
74254,1844,
74255,1899,
74256,1919,
74257,1921,
74258,1907,
74259,1926,
74260,1923,
74261,1839,1843
74262,1856,
74263,1914,
74264,1918,
74265,1901,
74266,1910,
74267,1925,
74268,1914,
74269,1927,
74270,1900,1902
74271,1899,1900
74272,1908,
74273,1918,
74274,1926,
74275,1859,
74276,1901,
74277,1875,1885
74278,1919,
74279,1923,
74280,1844,
74281,1881,
74282,1889,
74283,1908,
74284,1920,
74285,1886,1887
74286,1886,1887
74287,1954,
74288,1954,
74289,1918,
74290,1824,1836
74291,1881,
74292,1914,
74293,1926,
74294,1954,
74295,1954,
74296,1928,
74297,1912,
74298,1894,
74299,1909,
74300,1913,
74301,1844,
74302,1930,
74303,1908,
74304,1915,
74305,1907,
74306,1883,
74307,1925,
74308,1916,
74309,1927,
74310,1927,1928
74311,1924,
74312,1905,
74313,1896,
74314,1924,1954
74315,1926,
74316,1906,
74317,1862,
74318,1836,
74319,1960,
74320,1910,
74321,1928,
74322,1853,
74323,1881,
74324,1925,1926
74325,1927,
74326,1927,
74327,1928,
74328,1942,
74329,1928,
74330,1915,
74331,1862,
74332,1925,
74333,1867,
74334,1885,
74336,1917,
74337,1942,
74338,1926,
74339,1926,1927
74340,1911,
74341,1896,
74342,1922,
74343,1907,
74344,1904,
74345,1916,
74346,1904,
74347,1823,
74348,1912,
74349,1952,
74350,1916,
74351,1884,
74352,1911,
74353,1909,
74354,1913,1920
74355,1919,
74356,1922,
74358,1919,
74359,1791,
74360,1913,
74361,1913,
74362,1913,
74363,1926,
74364,1923,
74365,1958,
74366,1928,
74367,1915,
74368,1870,
74369,1917,
74370,1868,
74371,1917,
74372,1913,
74373,1927,
74374,1904,
74375,1914,
74376,1899,1942
74377,1928,
74378,1769,
74379,1909,
74380,1898,
74381,1927,
74382,1879,
74383,1915,
74384,1879,
74385,1893,
74386,1911,
74387,1917,
74388,1910,
74389,1883,
74390,1910,
74391,1902,
74392,1896,
74393,1874,
74394,1912,
74395,1916,
74396,1900,
74397,1902,1905
74398,1901,
74399,1910,1923
74400,1923,
74402,1916,
74403,1914,
74404,1892,
